Date,ActualReturn,sigma_EGARCH,VaR_95,ES_95,VaR_99,ES_99
2023-12-29,-0.28992449404139364,0.601108164259802,-0.9887349441728766,-1.239913509115971,-1.3983866999943828,-1.6020820273511867
2024-01-02,-0.5612103667722579,0.6224274066380553,-1.0238019773226041,-1.283888983415949,-1.4479826741771937,-1.6589023753047063
2024-01-03,-0.8199989663125962,0.7020546458744973,-1.1547771305847983,-1.4481371096154159,-1.633223332890632,-1.871126025644549
2024-01-04,-0.3226425307868652,0.8310001233396289,-1.3668735668723093,-1.714114597452903,-1.9331953702588223,-2.2147933458338978
2024-01-05,0.13687015220043008,0.8253076088715727,-1.3575102138030535,-1.702372574952722,-1.919952601328113,-2.1996215753241097
2024-01-08,1.4175016009974506,0.7499256967975187,-1.2335180023215087,-1.5468813394631724,-1.7445880504335038,-1.9987126313074841
2024-01-09,-0.15182797494990297,0.7661454459788767,-1.2601971155907086,-1.5803380238341174,-1.7823208294590316,-2.0419417374760815
2024-01-10,0.5639558276373968,0.7355702714875643,-1.2099054289339992,-1.517270219819113,-1.7111923372827391,-1.9604523476322813
2024-01-11,-0.044069053813000636,0.698152756670279,-1.148359093975277,-1.4400886327804,-1.624146181235656,-1.8607266550512527
2024-01-12,0.0692407739593115,0.6557465683446048,-1.0786071213026045,-1.3526168450034597,-1.5254946351780483,-1.7477050788950035
2024-01-16,-0.367790366175047,0.5988731996972286,-0.9850587546060198,-1.2353034190884256,-1.3931873949356837,-1.5961253680170473
2024-01-17,-0.5574245623104268,0.6377302967342976,-1.048972991600248,-1.3154544508093466,-1.4835825200192678,-1.6996878556016004
2024-01-18,0.8853425196637232,0.7142661976906284,-1.1748633458802673,-1.47332603394609,-1.6616316504968283,-1.9036724271973913
2024-01-19,1.2389103004521118,0.7001337036503757,-1.1516174618002877,-1.4441747574872386,-1.6287545530313916,-1.8660063031123577
2024-01-22,0.21120518192470072,0.711629207065029,-1.1705258822855131,-1.467886679609389,-1.6554970929610995,-1.896644282283125
2024-01-23,0.29123285063681337,0.6553387227857627,-1.0779362750559072,-1.351775576745751,-1.5245458445292988,-1.7466180831118725
2024-01-24,0.10925727766766258,0.6121106518247309,-1.0068324257495385,-1.262608481130591,-1.423982313550216,-1.6314060136684132
2024-01-25,0.5424083292647097,0.5629214455256022,-0.9259233813615524,-1.1611452753062532,-1.3095511080504816,-1.5003062415524517
2024-01-26,-0.12711545057664253,0.5469238050030649,-0.899609604325391,-1.1281467373105158,-1.2723350310312074,-1.4576691025398052
2024-01-29,0.7888095693230568,0.5407400083830103,-0.889438164026564,-1.115391340823308,-1.2579493689106425,-1.4411879598523092
2024-01-30,-0.07735270997564214,0.5438311376515009,-0.8945226192152166,-1.1217674527550847,-1.265140410912781,-1.4494264815356177
2024-01-31,-1.6452021314492526,0.527703897772849,-0.8679956702080995,-1.088501588507645,-1.2276228407069325,-1.4064439324761064
2024-02-01,1.3003147599585319,0.9623028693496299,-1.5828473648755474,-1.9849544533086267,-2.2386512342949128,-2.5647432916702058
2024-02-02,1.0472523763920272,0.9407875980817468,-1.5474578928957252,-1.9405746277073677,-2.188599228721461,-2.5074004847324463
2024-02-05,-0.36479361768799734,0.9056075111995641,-1.489591799391099,-1.8680082119262653,-2.106758108394523,-2.413638016901052
2024-02-06,0.28990996511062406,0.8968100147273517,-1.4751212054106875,-1.8498615032790313,-2.0862920711795097,-2.3901908041998694
2024-02-07,0.8305804378600179,0.8190137220115,-1.3471576911736407,-1.6893900939174475,-1.9053108310117293,-2.1828470185633964
2024-02-08,0.04416510140750063,0.7872073378610478,-1.2948408448435575,-1.6237826579698085,-1.8313181168623984,-2.09807619122783
2024-02-09,0.5762824472143713,0.7147243539999396,-1.1756169459473487,-1.4742710788331466,-1.6626974814529727,-1.9048935119081087
2024-02-12,-0.04391126191025663,0.6810463687567391,-1.120221589771652,-1.4048030673409508,-1.5843507720804744,-1.8151344667253344
2024-02-13,-1.3868816318248989,0.6408293309069995,-1.0540704491992632,-1.321846868288282,-1.4907919515785126,-1.707947445548023
2024-02-14,0.9046689646543093,0.9403391657347003,-1.5467202873232433,-1.9396496405618142,-2.187556019084258,-2.506205316464235
2024-02-15,0.6875917613889726,0.8952303924946732,-1.4725229580520531,-1.846603196268662,-2.0826173203567304,-2.38598077256256
2024-02-16,-0.4992423999654605,0.8426225287724459,-1.3859907226023789,-1.7380882819932184,-1.9602331284286967,-2.2457695460680656
2024-02-20,-0.552050716000263,0.8738515893532286,-1.4373579561649665,-1.8025048652196243,-2.0328827871190933,-2.3290016824160085
2024-02-21,0.0905417391415142,0.9111652634427909,-1.4987334883260683,-1.8794722586593224,-2.1196873735099993,-2.428450617212859
2024-02-22,2.04842329008903,0.8211032584818456,-1.350594672815536,-1.6937002075565832,-1.9101718197372486,-2.188416080878093
2024-02-23,0.06894399534163043,0.8683223732221393,-1.4282632049575459,-1.7910996802905497,-2.020019906927421,-2.314265136956064
2024-02-26,-0.36692144952894523,0.7828385387651722,-1.287654809805284,-1.614771080121319,-1.8211547703735966,-2.086432405751668
2024-02-27,0.18558991527735103,0.7953051640295189,-1.3081605835871897,-1.6404861477204826,-1.8501564775537733,-2.1196586326859275
2024-02-28,-0.13224591766238802,0.7277992973615319,-1.1971233139578488,-1.5012409319625373,-1.6931143481454174,-1.9397410368856405
2024-02-29,0.3588451188289099,0.6991607216576418,-1.1500170488405808,-1.442167775069352,-1.626491058441115,-1.8634130976691827
2024-03-01,0.934454195051071,0.6545311112598519,-1.076607872308345,-1.3501097061077643,-1.5226670591729454,-1.7444656253885
2024-03-04,-0.10729701735954222,0.6519050422109276,-1.0722883731085968,-1.3446928798471494,-1.5165579090238959,-1.737466588815697
2024-03-05,-1.0044495658969588,0.6291952904408087,-1.034934155542349,-1.2978491840156106,-1.4637271262734846,-1.6769402354574527
2024-03-06,0.5054421313091417,0.8190491419219403,-1.3472159517417948,-1.6894631550203536,-1.9053932300450809,-2.1829414202123854
2024-03-07,0.9877652478228249,0.7671988159473562,-1.2619297550038837,-1.5825108235591439,-1.7847713344457823,-2.0447491940953584
2024-03-08,-0.6020342567088832,0.7533291478480645,-1.2391161811261506,-1.5539016815348576,-1.752505661549343,-2.0077835574456495
2024-03-11,-0.0860290465595881,0.8209668257176965,-1.3503702608885904,-1.6934187859466092,-1.9098544296664208,-2.1880524583349614
2024-03-12,1.070004096794186,0.7699418853324065,-1.2664417026308634,-1.5881689879115686,-1.7911526680780405,-2.0520600616277895
2024-03-13,-0.15687360793688043,0.7605511593552703,-1.2509953329476635,-1.5687986171667372,-1.7693065726654298,-2.0270317652141556
2024-03-14,-0.1978864597534269,0.7320917082602213,-1.204183701592924,-1.5100949428983483,-1.7030999891140932,-1.9511812314523949
2024-03-15,-0.6890222494845943,0.7158159781583797,-1.1774125079036266,-1.4765227859657455,-1.6652369789932115,-1.9078029241384564
2024-03-18,0.5925560342371128,0.8093583731057992,-1.3312760555066165,-1.6694738820687056,-1.8828491306118296,-2.1571134453575223
2024-03-19,0.5541628089186013,0.7642280289562174,-1.257043245246609,-1.5763829431841454,-1.7778602504447185,-2.036831410360957
2024-03-20,0.9206944260736982,0.7233131303294922,-1.189744225844088,-1.4919872577689313,-1.6826779630078397,-1.9277844407170017
2024-03-21,0.3299140030712522,0.7108208785468421,-1.1691963001906052,-1.4662193300222515,-1.6536166396312888,-1.8944899136217423
2024-03-22,-0.18975301378141296,0.6628782973554986,-1.0903377716326084,-1.3673275537739027,-1.5420855178007766,-1.7667126644704905
2024-03-25,-0.27668755194483197,0.6546218636675526,-1.076757146735306,-1.3502969022614406,-1.522878180843664,-1.7447074999960346
2024-03-26,-0.1848444272237515,0.665488657430788,-1.0946314318700974,-1.3727119769334082,-1.548158123412407,-1.7736698332633747
2024-03-27,0.8368725173441227,0.655709773210282,-1.0785465986924596,-1.3525409472086383,-1.5254090368955413,-1.7476070119797669
2024-03-28,-0.01911638733469445,0.647183269543992,-1.0645217482117475,-1.3349532188929227,-1.505573423218466,-1.72488205315854
2024-04-01,-0.1741398388491966,0.6066091261210879,-0.9977832212421344,-1.2512604136008552,-1.411183850925565,-1.6167432691294659
2024-04-02,-0.637838117069478,0.6030420966315336,-0.9919159798487983,-1.2439026561879951,-1.4028856994558996,-1.607236371409513
2024-04-03,0.10979414056331294,0.7033133908470844,-1.1568475818183652,-1.4507335389917568,-1.6361516115815697,-1.8744808506452773
2024-04-04,-1.2281127169429418,0.6445379813189721,-1.0601706362804915,-1.3294967489916256,-1.499419562579966,-1.7178317933643037
2024-04-05,1.0392569660799822,0.8932222897587003,-1.469219922983497,-1.84246105703638,-2.0779457748260444,-2.38062874859473
2024-04-08,0.05592883114804437,0.863194237001258,-1.4198281714951277,-1.780521808029095,-2.008090078132182,-2.3005975553763003
2024-04-09,0.11559838138968104,0.779257174697065,-1.2817639901284243,-1.6073837545896874,-1.8128232716875892,-2.0768873033091135
2024-04-10,-1.00634863429514,0.7099603834739048,-1.1677809117489104,-1.4644443758145067,-1.6516148287477384,-1.8921965099168123
2024-04-11,0.7518591932832663,0.8826708583451023,-1.4518643627533105,-1.8206964843220153,-2.053399474788933,-2.352506923546205
2024-04-12,-1.3899313984611972,0.836694281858887,-1.3762396241651476,-1.725860011158554,-1.9464419638245496,-2.2299694980923275
2024-04-15,-1.2607177565992167,1.083743062199353,-1.7825987065421005,-2.235450694445922,-2.5211633687539754,-2.8884074205748242
2024-04-16,-0.18255379975800068,1.2462310959570169,-2.0498677382046075,-2.5706168427445544,-2.8991670606431934,-3.32147283878178
2024-04-17,-0.5935822699166593,1.1490025511058892,-1.8899410135630161,-2.370062278024823,-2.6729796420326877,-3.0623379384210243
2024-04-18,-0.20598467928225617,1.1506730942904904,-1.8926888125791865,-2.373508128847194,-2.676865906618678,-3.0667902938723253
2024-04-19,-0.8766688511051335,1.0736155120815916,-1.765940368998768,-2.2145604671093424,-2.497603164068279,-2.861415329983702
2024-04-22,0.9167061910420493,1.1482868607283756,-1.8887638076497886,-2.368586014316916,-2.6713146972444877,-3.0604304702495106
2024-04-23,1.179669101645242,1.0722392343650242,-1.7636765936049796,-2.211721601436692,-2.494401463328253,-2.8577472550423617
2024-04-24,-0.047472002412707326,1.0242659005561192,-1.6847674814924487,-2.112766391370234,-2.3827988002112552,-2.7298880435774717
2024-04-25,-0.38061433600500294,0.9367821900794954,-1.5408695830158015,-1.932312621321831,-2.1792812563307566,-2.496725214366559
2024-04-26,0.9429290275657642,0.9278754436700545,-1.5262192888798956,-1.9139405614298564,-2.1585610657565333,-2.4729868271791027
2024-04-29,0.35352964418171595,0.8870863754962317,-1.4591272421542123,-1.8298044281014185,-2.0636715037262534,-2.364275222647576
2024-04-30,-1.5968090822358505,0.8168207717574482,-1.3435506089945393,-1.6848666673421882,-1.9002092658503384,-2.1770023363617867
2024-05-01,-0.3252434588917552,1.124975267231567,-1.8504196485365445,-2.320500891847642,-2.6170838212726824,-2.9983000797628954
2024-05-02,0.9309996295354672,1.0759495929078249,-1.7697795903113958,-2.2193750055233714,-2.5030330480362264,-2.8676361553932157
2024-05-03,1.2319165078220173,1.012281925057459,-1.6650555959281799,-2.088046891624293,-2.3549199042873896,-2.6979481816621673
2024-05-06,1.0273836955982496,0.9768244914223141,-1.6067333076110206,-2.0149083891437347,-2.272433578931326,-2.6034465253208112
2024-05-07,0.11026425373472648,0.9342264747991694,-1.536665805467502,-1.92704091468076,-2.1733357735217167,-2.489913685658279
2024-05-08,0.009677321187240295,0.8426078829993539,-1.385966632449389,-1.7380580719694856,-1.9601990572656003,-2.245730511945353
2024-05-09,0.5745451940871504,0.7701300352051268,-1.2667511816314179,-1.5885570870637598,-1.7915903701344447,-2.05256152134412
2024-05-10,0.12871547391357652,0.7292049288107896,-1.1994353719453172,-1.5041403459555562,-1.6963843358790829,-1.9434873458127673
2024-05-13,0.013425343870565598,0.6668303047088383,-1.096838245261488,-1.375479409957,-1.551279261705412,-1.7772456106675225
2024-05-14,0.4577760924489027,0.6165931875636017,-1.0142055409175597,-1.2718546650092697,-1.43441025103665,-1.64335293166286
2024-05-15,1.230698450440748,0.5888882433953967,-0.9686349630179996,-1.2147073218422348,-1.3699589130705263,-1.5695133204918734
2024-05-16,-0.20596643455439434,0.6167714442667417,-1.0144987471022477,-1.2722223573938605,-1.4348249381390334,-1.6438280239629406
2024-05-17,0.14366012894226898,0.6183034277310875,-1.0170186356600066,-1.2753823993066562,-1.43838886461438,-1.6479110880774497
2024-05-20,0.115138261230463,0.5714939490202305,-0.940023894826746,-1.1788278880570253,-1.329493733330418,-1.5231537997702995
2024-05-21,0.24495314252233058,0.5287838815779466,-0.8697720854869633,-1.0907292849343204,-1.2301352587359198,-1.409322320671196
2024-05-22,-0.28836815890089795,0.4992681436252472,-0.8212230168633163,-1.0298467942362544,-1.1614713844989109,-1.330656556155661
2024-05-23,-0.7330724577204073,0.5348603900230744,-0.8797670524421329,-1.1032633767290125,-1.244271331238834,-1.4255175173892018
2024-05-24,0.6594480123547797,0.6715864778280841,-1.1046614538670887,-1.385290029164791,-1.5623437749299398,-1.789921830899363
2024-05-28,0.06986013619645348,0.6488701895524983,-1.0672964847061162,-1.3384328503997092,-1.5094977859939318,-1.729378056353797
2024-05-29,-0.7027087116654229,0.5944888169920115,-0.9778470868114001,-1.2262596967293602,-1.3829877955504204,-1.5844400488836643
2024-05-30,-0.6655864856056404,0.7102018752267729,-1.1681781303344942,-1.4649425039460553,-1.6521766225736216,-1.892840137170653
2024-05-31,0.9066908176913024,0.7974910977468497,-1.3117561245904168,-1.6449951011955832,-1.85524171980988,-2.125484614314091
2024-06-03,0.08149473422349729,0.7713295251052225,-1.2687241669440819,-1.5910312902431627,-1.7943808009134656,-2.0557584188830162
2024-06-04,0.1117354267082149,0.7025728672306389,-1.1556295288620115,-1.4492060514438532,-1.6344288960407747,-1.8725071965722246
2024-06-05,1.1814975961931928,0.645026167103779,-1.0609736304392574,-1.33050373606239,-1.5005552525425885,-1.7191329130601418
2024-06-06,-0.001870945675452873,0.6550082215355987,-1.077392648875863,-1.3510938475841405,-1.5237769836486121,-1.7457372264800934
2024-06-07,-0.12162807591575842,0.6129771296879347,-1.0082576550055025,-1.2643957761164433,-1.4259980424851837,-1.6337153627910388
2024-06-10,0.30850289978756607,0.5986820739960959,-0.984744380803308,-1.2349091816568551,-1.3927427700671788,-1.5956159770805147
2024-06-11,0.24053242762516192,0.5643523367944115,-0.9282769880548266,-1.164096793052577,-1.31287985891166,-1.504119873309851
2024-06-12,0.8179420395108217,0.529845927654466,-0.8715189958279158,-1.09291998097852,-1.232605947368164,-1.412152900976998
2024-06-13,0.2011508440890708,0.5326442166959025,-0.876121771706981,-1.0986920476233986,-1.2391157411306615,-1.419610940722872
2024-06-14,0.0608135717574676,0.49960006616559477,-0.821768980857674,-1.0305314551113296,-1.1622435517949947,-1.3315412008302487
2024-06-17,0.7927489938320598,0.4613412699389792,-0.7588388611215282,-0.951614546134873,-1.073240282529846,-1.2295733130737605
2024-06-18,0.25375970736654097,0.47132083250420664,-0.7752537808023316,-0.9721995176514893,-1.0964562166873204,-1.2561709851354352
2024-06-20,-0.2720341591681219,0.4474762727278257,-0.7360329701710903,-0.9230150388113718,-1.0409854757440968,-1.1926201253415392
2024-06-21,-0.13417201132757128,0.4858435207504095,-0.7991414772371839,-1.0021556526963693,-1.1302410416142321,-1.294877060366864
2024-06-24,-0.32558074186299635,0.48787438700696123,-0.8024819549651264,-1.0063447465340933,-1.1349655430126226,-1.3002897539934462
2024-06-25,0.38434532800630805,0.532502780337096,-0.8758891295992154,-1.0984003050346411,-1.23878671095804,-1.419233982528107
2024-06-26,0.12472593151322542,0.5092811214924428,-0.8376928998247578,-1.050500691924207,-1.1847650542730794,-1.3573432871553184
2024-06-27,0.15752821899139846,0.47530402228148083,-0.7818055449543171,-0.9804156942198053,-1.1057225017575834,-1.2667870391721625
2024-06-28,-0.39428681088713446,0.4471482982591183,-0.7354935001766894,-0.9223385216742336,-1.0402224930360795,-1.1917460031236298
2024-07-01,0.20560026099207818,0.5119141224026806,-0.8420238009217291,-1.0559318166239333,-1.1908903303429588,-1.3643607986234678
2024-07-02,0.6707196031388918,0.48217728392570225,-0.7931110542988011,-0.9945932590426904,-1.1217120993713443,-1.2851057538464987
2024-07-03,0.4452703659563184,0.4804572280233537,-0.7902818141092639,-0.9910452777032873,-1.1177106509796844,-1.2805214363957698
2024-07-05,0.5749907876922755,0.46652003576221834,-0.7673571728690154,-0.96229685272555,-1.0852878933928936,-1.2433758333896983
2024-07-08,0.11531627259042665,0.46214721616877996,-0.7601645247007438,-0.9532769817452452,-1.075115193828134,-1.2317213324262595
2024-07-09,0.09720073332113444,0.4330605141560434,-0.7123211573990373,-0.8932794689754215,-1.0074494064379451,-1.154199040598953
2024-07-10,0.9846668354303034,0.40646324172171144,-0.66857253736841,-0.8384169344803608,-0.9455748982550518,-1.08331161188456
2024-07-11,-0.8660003236682812,0.43394488576905843,-0.713775819254278,-0.8951036736281837,-1.0095067624597445,-1.1565560803980308
2024-07-12,0.6287846722514701,0.6237790154119982,-1.0260251759166434,-1.2866769641447007,-1.451126986374991,-1.662504702229363
2024-07-15,0.2746345555927121,0.6044109176489302,-0.9941674900639104,-1.2467261408317643,-1.4060700533196624,-1.6108845726501866
2024-07-16,0.5912567187981388,0.5678430522469807,-0.9340187040276405,-1.1712971365239555,-1.3210004773836257,-1.5134233777732193
2024-07-17,-1.4120399731959665,0.5529905534506016,-0.9095885175131239,-1.1406606970331754,-1.2864483983844748,-1.4738382867734408
2024-07-18,-0.7714493556740365,0.8769836726048026,-1.4425097746612319,-1.8089654534568254,-2.0401691023327113,-2.3373493552374103
2024-07-19,-0.6662864594185081,0.9615292250426097,-1.581574833231175,-1.9833586472880809,-2.2368514685060124,-2.562681363861646
2024-07-22,1.025714072539774,1.008831634848203,-1.6593803735634498,-2.080929933820043,-2.3468933289942626,-2.688752419132138
2024-07-23,-0.15696404087108817,0.9606813793196554,-1.5801802511186782,-1.9816097850565524,-2.2348790844109025,-2.5604216733841687
2024-07-24,-2.292321911981965,0.9056826471545648,-1.4897153870391964,-1.8681631958229497,-2.1069329007637028,-2.413838270316779
2024-07-25,-0.5224012962329994,1.3909168750028797,-2.2878546666364943,-2.8690620522466452,-3.235756515130479,-3.7070914345766246
2024-07-26,1.113745815557543,1.3397761424799401,-2.203735647261182,-2.763573408286266,-3.1167853807488473,-3.570790427017585
2024-07-29,0.05873780491212344,1.2453009402964217,-2.048337768292648,-2.568698198750469,-2.8970031949996407,-3.3189937746880265
2024-07-30,-0.5079227231497008,1.1086051239043258,-1.8234931589110164,-2.2867339875458095,-2.579001173145611,-2.954670140978033
2024-07-31,1.6123894118010185,1.102063582869233,-1.8127332814135921,-2.273240667071888,-2.5637832730656718,-2.937235532788328
2024-08-01,-1.4262021983354245,1.0724613311498847,-1.7640419103070917,-2.2121797233193297,-2.4949181377115446,-2.858339190551665
2024-08-02,-1.8794005625575316,1.2744905122564154,-2.0963503416002047,-2.628907902678008,-2.9649082936729343,-3.3967902369616088
2024-08-05,-2.955621368722028,1.5462580030554522,-2.543368084528501,-3.1894861866133377,-3.5971340181266873,-4.1211088180669
2024-08-06,0.9177344398684006,2.0356305535789287,-3.348314299187534,-4.198921214220687,-4.735584810650921,-5.425391498768966
2024-08-07,-0.6706493759699228,1.8127829801936826,-2.9817626598474773,-3.7392506704769892,-4.217163832070993,-4.831454977213052
2024-08-08,2.285427478434787,1.721417678309476,-2.831480111665724,-3.5507902921186534,-4.004616356271569,-4.587946875385077
2024-08-09,0.43998243648273316,1.6307642534209716,-2.6823684969422947,-3.3637983115567236,-3.793724954007676,-4.346336078249185
2024-08-12,0.05252032507048199,1.4534732058629267,-2.3907506743404188,-2.998097797102336,-3.381284302434545,-3.8738174571574793
2024-08-13,1.631177905256198,1.2863502868134753,-2.1158579347952116,-2.653371211551006,-2.992498255000354,-3.4283990767611803
2024-08-14,0.31498710250081885,1.228509629634566,-2.0207185200492255,-2.534062547193423,-2.857940765139073,-3.274241334733804
2024-08-15,1.6995123183211724,1.1083401767542478,-1.8230573596302602,-2.2861874776660307,-2.578384813906294,-2.953964000066005
2024-08-16,0.22394696673835313,1.0851467408804032,-1.7849075525117006,-2.2383460804389497,-2.524428813669473,-2.892148524956356
2024-08-19,0.951572757570851,0.9811185571928464,-1.6137964172680488,-2.023765813604891,-2.2824230697075953,-2.614891130475534
2024-08-20,-0.1627214875406402,0.9329024191096088,-1.5344879276642425,-1.9243097680520502,-2.170255559383196,-2.4863847936059322
2024-08-21,0.3430772700339091,0.8835376239011463,-1.4532900652218863,-1.8224843727355735,-2.0554158729975276,-2.3548170394318793
2024-08-22,-0.7879539401688618,0.8129855006342109,-1.3372421493771403,-1.6769556044760232,-1.8912870910264252,-2.166780517225253
2024-08-23,1.0569257539537524,0.9125297612351014,-1.5009778874687176,-1.882286825731337,-2.122861670048274,-2.432087296132555
2024-08-26,-0.23867370393961806,0.8793698461838101,-1.4464346809271982,-1.81388744425918,-2.0457201721653275,-2.3437090189923944
2024-08-27,0.1372267958030804,0.8515250838678702,-1.4006341226402228,-1.7564516964080907,-1.9809435685484684,-2.2694967625058027
2024-08-28,-0.5822166247760663,0.7744074906138075,-1.2737869696745094,-1.5973802491187874,-1.8015412194307334,-2.063961856326231
2024-08-29,0.00895182101512404,0.8330126759031627,-1.3701839212558684,-1.718265915401486,-1.9378772676363945,-2.2201572295454213
2024-08-30,0.9500711609878643,0.7619153947058019,-1.2532393004120008,-1.5716126428967332,-1.7724802586728303,-2.030667744670291
2024-09-03,-2.0793694359302783,0.7429597892815538,-1.2220601040788652,-1.5325126728140792,-1.7283829262929737,-1.9801469955383206
2024-09-04,-0.2048861504030164,1.222677757837049,-2.011125944571164,-2.5220330705449436,-2.8443738025812406,-3.2586981470878285
2024-09-05,-0.24353413596447382,1.1372855066524568,-1.8706681904966362,-2.3458933803645943,-2.645721720578403,-3.0311095049233123
2024-09-06,-1.697316765694179,1.0709059479583312,-1.7614835326231655,-2.2089714144895303,-2.491299775330555,-2.85419376115145
2024-09-09,1.1133986518941263,1.3427635296988345,-2.208649461963289,-2.7697355301636635,-3.1237350826544588,-3.5787524539150612
2024-09-10,0.43462129415692274,1.2484214288859834,-2.0534705152670494,-2.5751348705298387,-2.9042625369959363,-3.327310545251353
2024-09-11,1.0206681706174336,1.131642274601666,-1.8613858997901644,-2.3342530133376918,-2.6325935996943275,-3.016069082612834
2024-09-12,0.8387895979129922,1.0652842162160305,-1.752236606777094,-2.1973753964243157,-2.4782216716434258,-2.8392106417689007
2024-09-13,0.5209369725192481,0.9982331489003627,-1.6419474155119507,-2.0590683011152455,-2.322237563741453,-2.660505183669819
2024-09-16,0.14757015029021048,0.9226557873359924,-1.5176337182273734,-1.9031739094587992,-2.146418329340564,-2.459075324892243
2024-09-17,0.040859629146527965,0.8361514578705211,-1.3753467581590877,-1.7247403211655297,-1.9451791663932365,-2.22852275587939
2024-09-18,-0.2970358585717925,0.7595459678027027,-1.2493419399766417,-1.5667251956772577,-1.7669681474341103,-2.0243527143940807
2024-09-19,1.6920528075937469,0.7598411902385664,-1.2498275376710295,-1.5673341547767774,-1.7676549375201511,-2.02513954542831
2024-09-20,-0.17301316421134416,0.7900244501268333,-1.2994745821714642,-1.6295935515206306,-1.8378716999928428,-2.105584398898912
2024-09-23,0.24957077902580949,0.7615479888810589,-1.2526349716086091,-1.5708547901964829,-1.7716255449135292,-2.0296885294415477
2024-09-24,0.28572465498371,0.7034128103399099,-1.1570111123317288,-1.4509386128529238,-1.6363828959073425,-1.8747458248913351
2024-09-25,-0.22078883024931883,0.6541650827399422,-1.076005808969804,-1.3493546943918338,-1.5218155495038153,-1.7434900809721847
2024-09-26,0.39568002149561465,0.6531267283023117,-1.074297867907006,-1.3472128673946009,-1.5193999758653325,-1.7407226439592525
2024-09-27,-0.1451524521008274,0.6170762940396056,-1.0150001803568185,-1.2728511749247127,-1.4355341247600373,-1.6446405139126468
2024-09-30,0.3999330024163861,0.6058464507410213,-0.9965287318770453,-1.2496872333264213,-1.409409602676564,-1.6147105758610047
2024-10-01,-0.8998800666687679,0.5753465601908816,-0.9463608762840251,-1.1867747184610735,-1.338456247136768,-1.5334218338477816
2024-10-02,0.042199271965159824,0.7458410087116213,-1.2267992883084549,-1.5384558010337186,-1.7350856449887564,-1.987826062535273
2024-10-03,-0.1829849680571094,0.6821987504362187,-1.1221170889567766,-1.4071800997903503,-1.5870316127506154,-1.8182058107647496
2024-10-04,0.9046228707746629,0.6700840200503159,-1.102190130741985,-1.3821908902638491,-1.5588485354727923,-1.7859174590645859
2024-10-07,-0.9081461481495801,0.6616788002327574,-1.0883647744397495,-1.364853335696256,-1.5392950702193693,-1.7635157476816967
2024-10-08,0.9412989374939507,0.8168098834466662,-1.3435326993170582,-1.684844207884086,-1.9001839358516988,-2.176973316681055
2024-10-09,0.6902584366259568,0.7911422778553705,-1.3013132451650555,-1.631899309092871,-1.8404721561526693,-2.108563649256906
2024-10-10,-0.17515944258317262,0.7532284292615418,-1.2389505137938073,-1.5536939280164832,-1.7522713550797095,-2.007515120836596
2024-10-11,0.5970516819446381,0.7308320301649526,-1.2021117155091299,-1.507496588757901,-1.700169539655189,-1.9478239194798266
2024-10-14,0.8144974640886815,0.6955617230126441,-1.144097222865963,-1.4347440744701134,-1.6181185355946486,-1.8538209953015294
2024-10-15,-0.7799968636835963,0.6774168846545429,-1.1142516196821919,-1.397316483998706,-1.5759073294554653,-1.805461114083642
2024-10-16,0.4337078571955644,0.7996604612445015,-1.3153244100077055,-1.6494698750663288,-1.8602884139706641,-2.1312664327571316
2024-10-17,0.008567303132878124,0.7459689748049017,-1.2270097738011139,-1.5387197583332548,-1.7353833386378084,-1.988167119586806
2024-10-18,0.38392071411914586,0.6888943401620587,-1.1331303540019035,-1.4209911784716558,-1.6026078836747732,-1.8360509917156598
2024-10-21,-0.16434483217908635,0.6470667791768987,-1.0643301386089292,-1.334712932720768,-1.5053024261006325,-1.7245715813756297
2024-10-22,-0.053133973930297174,0.6365490819080103,-1.0470300661090204,-1.3130179438587462,-1.4808346034193487,-1.696539665049296
2024-10-23,-0.9179426886507969,0.6053584625646451,-0.9957260627552235,-1.2486806538650979,-1.408274372419894,-1.6134099828339663
2024-10-24,0.21602843409755934,0.7751398372380957,-1.2749915726756555,-1.5988908698802413,-1.803244912443207,-2.065913716963506
2024-10-25,-0.03453277453662196,0.7128804604218941,-1.172584010907788,-1.4704676559340315,-1.658407943547729,-1.8999791405230977
2024-10-28,0.30867645929850696,0.6683718512189702,-1.099373863629793,-1.3786591776868176,-1.5548654351519926,-1.7813541623476508
2024-10-29,0.16168706970498548,0.6245579546937893,-1.0273064170194726,-1.2882836921775216,-1.4529390701171925,-1.6645807422799788
2024-10-30,-0.3029709804262204,0.5787802404267366,-0.9520087776737628,-1.1938574146604566,-1.3464441818535853,-1.542573327240503
2024-10-31,-1.9797856315194373,0.6062421527314257,-0.9971796037311539,-1.2505034528899845,-1.4103301431606947,-1.6157652064328496
2024-11-01,0.42115695767002137,1.105495543384772,-1.8183783541151308,-2.2803198159821503,-2.5717672071147883,-2.946382442758008
2024-11-04,-0.21561208735390025,1.0093073083999946,-1.6601627869303592,-2.081911111747516,-2.3479999111502106,-2.6900201910466155
2024-11-05,1.2018971894755204,0.9566204244937789,-1.5735005748444493,-1.9732332015265082,-2.225431890785149,-2.5495983588340607
2024-11-06,2.4561683531313605,0.9254803725728055,-1.5222797474987788,-1.90900021760267,-2.1529892972012714,-2.4666034496319758
2024-11-07,0.770242602775717,0.9769987515694429,-1.6070199400460585,-2.015267837781056,-2.272838968654129,-2.6039109659429784
2024-11-08,0.43223871770354805,0.917870246807765,-1.5097622045325951,-1.8933027137203786,-2.135285497306586,-2.4463208342243696
2024-11-11,0.09523723239217574,0.8483637944427994,-1.3954342642635518,-1.7499308642227593,-1.9735893096152273,-2.261071248975475
2024-11-12,-0.31111784923814056,0.7704305779654942,-1.267245530480862,-1.589177020464773,-1.7922895371460836,-2.0533625321828732
2024-11-13,0.0485651515410801,0.7740026308729481,-1.2731210346613502,-1.5965451397460724,-1.8005993748333005,-2.0628828183876466
2024-11-14,-0.6450883465471513,0.7068761356604188,-1.1627077755464807,-1.4580824583481025,-1.6444397954038203,-1.8839763287852394
2024-11-15,-1.2891236934423844,0.7913289113308397,-1.3016202299140915,-1.632284280353031,-1.8409063305415518,-2.109061067449719
2024-11-18,0.40890098644670303,1.0182526961861849,-1.6748766404749618,-2.100362877702211,-2.368809995009085,-2.7138615657808773
2024-11-19,0.3648712043249347,0.933972984806297,-1.53624885153333,-1.926518037625887,-2.1727460676157073,-2.4892380805245597
2024-11-20,0.03386364663642283,0.859331662745092,-1.413474802220504,-1.772554426640953,-1.9991043867230256,-2.290302967541625
2024-11-21,0.5353983406051199,0.7836273652030994,-1.288952313832744,-1.616398202517732,-1.8229898550804557,-2.0885347971914165
2024-11-22,0.30946948639432037,0.7386919366661797,-1.215040111225173,-1.523709318563793,-1.7184544164344786,-1.9687722540574855
2024-11-25,0.33863079232467896,0.687422577211261,-1.130709519374271,-1.4179553541834302,-1.5991840510630928,-1.8321284281702155
2024-11-26,0.5207896253581978,0.643900807891619,-1.0591225792575125,-1.328182443202421,-1.4979372755318476,-1.7161335896848957
2024-11-27,-0.30346597241051043,0.6160985052392316,-1.0133918609021306,-1.2708342774431438,-1.4332594478630263,-1.642034497297395
2024-11-29,0.6192849565569425,0.6386875398329738,-1.0505475163829798,-1.317428968408884,-1.4858094004668134,-1.70223911352052
2024-12-02,0.17908603149043856,0.6166917681616132,-1.0143676915717459,-1.2720580084713595,-1.434639583801256,-1.6436156700745304
2024-12-03,0.04635721159145234,0.5730159603905036,-0.942527380749401,-1.1819673604036596,-1.3330344612459186,-1.5272102861178793
2024-12-04,0.6190403582256643,0.5301104585698523,-0.8719541104635297,-1.0934656322856688,-1.233221338300791,-1.4128579325344064
2024-12-05,-0.16469558453842126,0.5227124766992096,-0.8597855131514819,-1.0782057203313864,-1.2160110589038289,-1.3931407260509092
2024-12-06,0.18939443200673978,0.5276578242602149,-0.867919886023737,-1.0884065520830477,-1.2275156576887665,-1.4063211366950528
2024-12-09,-0.5163033532133987,0.4950210531105485,-0.814237174626223,-1.021086266236942,-1.1515911745091827,-1.3193371501207902
2024-12-10,-0.3113962224765565,0.5826259920567786,-0.9583344761907918,-1.2017900958022367,-1.3553907379822225,-1.5528230791728088
2024-12-11,0.7700935315360091,0.6109918840661493,-1.0049922165441192,-1.2603007845463385,-1.4213796705534945,-1.6284242579289772
2024-12-12,-0.5165810693583239,0.6022733977802757,-0.9906515827552732,-1.242317051222389,-1.401097438517498,-1.6051876242999767
2024-12-13,-0.019874435377698063,0.6736563850097543,-1.1080661482023118,-1.3895596532187737,-1.56715909910148,-1.7954385769547463
2024-12-16,0.42609954340724343,0.6319104975336942,-1.0394002737770063,-1.3034498764611406,-1.4700436425215995,-1.684176844012595
2024-12-17,-0.41286661647275125,0.6000675659802013,-0.987023312318476,-1.2377670537171683,-1.3959659063989032,-1.5993086100187275
2024-12-18,-3.0256623579941078,0.6482409836614994,-1.0662615331142073,-1.3371349793497866,-1.5080340342070726,-1.7277010878655814
2024-12-19,-0.030704645349466375,1.5918937537492737,-2.6184322145758867,-3.283619634049699,-3.7032986497335165,-4.242737869772228
2024-12-20,1.193933126116864,1.410423627484455,-2.319940419205858,-2.909298880423268,-3.2811360072954328,-3.759081108683285
2024-12-23,0.5970360891119242,1.3083154487440376,-2.1519874110632733,-2.698679032384151,-3.0435968627604804,-3.4869409386907133
2024-12-24,1.1053748206389713,1.18966745996025,-1.9568288363817623,-2.453942306334835,-2.7675803662940943,-3.170718631768733
2024-12-26,0.0066624416308336265,1.1160931047100195,-1.8358097912978049,-2.3021795414560837,-2.5964208213737954,-2.9746272139030445
2024-12-27,-1.0582308699819798,1.009390890942489,-1.6603002679785308,-2.0820835185284032,-2.3481943532202494,-2.690242956427444
2024-12-30,-1.1477325916349201,1.1403039910207264,-1.8756331554576808,-2.352119646730285,-2.652743765271353,-3.0391544123855163
2024-12-31,-0.364457913128291,1.267625029067849,-2.0850576266767167,-2.614746382575225,-2.9489367914529496,-3.3784922535378965
2025-01-02,-0.24601731291777895,1.2084152809815465,-1.987666257786079,-2.4926136768683205,-2.811194319869886,-3.22068559095519
2025-01-03,1.2425951027439375,1.1362252429675435,-1.8689242119289815,-2.3437063608823885,-2.6432551784090825,-3.028283675072965
2025-01-06,0.5744137498315816,1.0784309471703601,-1.7738610548698783,-2.224493326740666,-2.5088055412496177,-2.8742494960594405
2025-01-07,-1.136839135071277,0.9945569025734637,-1.6359005284075838,-2.0514852607331986,-2.313685335914421,-2.650707199681874
2025-01-08,0.14598728420853746,1.1458583499598205,-1.88476926290404,-2.3635766940514475,-2.6656651363809742,-3.0539579688148946
2025-01-10,-1.538522989081681,1.0299153164654509,-1.6940599437410702,-2.124419513921349,-2.395941306901501,-2.7449449471956706
2025-01-13,0.1549346330506296,1.2728367799497915,-2.0936301940176474,-2.6254967278689456,-2.961061137037187,-3.3923826861013495
2025-01-14,0.13749835135961064,1.1384050205633467,-1.872509627013386,-2.3482026160467697,-2.648326099384961,-3.034093249318491
2025-01-15,1.802652030354679,1.0233275397136,-1.6832240152572415,-2.1108308224423062,-2.380615846460177,-2.727387110916174
2025-01-16,-0.19250258231098272,1.0127411974920977,-1.6658110318580541,-2.088994238757357,-2.355988331739317,-2.6991722410859786
2025-01-17,0.9989888126205493,0.9595518134844114,-1.5783222806576966,-1.979279815141272,-2.232251321331494,-2.5574111384572595
2025-01-21,0.9111841536098453,0.9143231187264966,-1.5039276980428595,-1.8859860071972772,-2.1270336434357766,-2.4368669780207854
2025-01-22,0.5605624445609081,0.870909061858874,-1.4325179291434729,-1.7964352760705762,-2.0260374445382947,-2.321159216294296
2025-01-23,0.5443283116489006,0.8151147413174169,-1.3407444386375642,-1.6813476165035381,-1.8962404455631228,-2.1724553997726725
2025-01-24,-0.2923446107859107,0.7665407838062112,-1.2608473884498708,-1.5811534922338524,-1.7832405227731791,-2.042995397475334
2025-01-27,-1.4246366989866033,0.7676784716754366,-1.262718718467905,-1.5835002155726496,-1.7858871805290737,-2.0460275793627085
2025-01-28,0.8555640495708339,1.0401133329176118,-1.710834188090118,-2.1454550930683927,-2.4196654407944194,-2.7721248456632903
2025-01-29,-0.4493100917667192,0.976846481447578,-1.6067694779838326,-2.014953748250484,-2.2724847353798485,-2.6035051334488504
2025-01-30,0.5352829859615937,0.9801039495556939,-1.6121275362161458,-2.021672969437142,-2.28006273938792,-2.612186983772924
2025-01-31,-0.5336161731915645,0.9076096585286426,-1.492885038687025,-1.8721380668644723,-2.111415799577041,-2.4189741684337394
2025-02-03,-0.6752291637566188,0.9390723610231714,-1.5446365789988457,-1.9370365862587327,-2.1846089906367676,-2.502829010532667
2025-02-04,0.668592614673269,0.9958709096456666,-1.6380618777061366,-2.054195679950187,-2.316742173473315,-2.6542093100163435
2025-02-05,0.40464052650461824,0.9281832959678418,-1.5267256608484763,-1.9145755723073228,-2.1592772372950093,-2.473807319500932
2025-02-06,0.34694855623236265,0.8564456664505026,-1.40872776074798,-1.7666014451216845,-1.9923905553786176,-2.2826111691774202
2025-02-07,-0.919552865124551,0.7916537145620921,-1.3021544836870627,-1.6329542561380552,-1.8416619358480575,-2.1099267376404676
2025-02-10,0.6768132786953984,0.9288814789828543,-1.5278740697129956,-1.9160157233543733,-2.160901453867675,-2.4756681268009473
2025-02-11,0.07601405909696268,0.8711227772468335,-1.4328694596744935,-1.7968761095384818,-2.026534620876724,-2.3217288135853926
2025-02-12,-0.32265907611721545,0.7910311883518507,-1.3011305191922748,-1.6316701633511812,-1.8402137233223277,-2.108267571932394
2025-02-13,1.050212466938305,0.7953033552292924,-1.3081576083755766,-1.6404824166850893,-1.850152269655212,-2.119653811845842
2025-02-14,-0.004915336877786558,0.7760201080517163,-1.2764394893161388,-1.6007066157615715,-1.8052927285790537,-2.068259827253723
2025-02-18,0.29314663077091296,0.7194030005716078,-1.1833126347299812,-1.4839217830383273,-1.6735816409583615,-1.917363107282891
2025-02-19,0.23522760284260258,0.6698724250588713,-1.1018420879528628,-1.381754430564992,-1.5583562919142877,-1.785353513084434
2025-02-20,-0.41690424344764665,0.6237977402853062,-1.0260559755924183,-1.286715588180692,-1.4511705469442027,-1.6625546080279778
2025-02-21,-1.7252150441072978,0.6711747838382218,-1.1039842775146695,-1.384440822699128,-1.5613860314918682,-1.788824578223151
2025-02-24,-0.45606580502868255,1.0610845896011245,-1.7453288357077241,-2.188712772819,-2.468451879196074,-2.82801773719471
2025-02-25,-0.4985563759225542,1.052128684456185,-1.730597682647437,-2.170239312573712,-2.4476173283020324,-2.8041483314463496
2025-02-26,0.05045193024182382,1.0532683230300703,-1.732472221289106,-2.1725900596559944,-2.4502685240755655,-2.8071857123795234
2025-02-27,-1.6090694407467687,0.9472804899818178,-1.5581377496869606,-1.9539675989874052,-2.2037039539895678,-2.5247054325556832
2025-02-28,1.5485199007902573,1.2234387382532381,-2.0123776459687717,-2.523602754595679,-2.846144107754629,-3.2607263229144605
2025-03-03,-1.7675268140930456,1.1703384741071725,-1.9250354838960344,-2.4140721596595625,-2.7226144211474224,-3.119202743808248
2025-03-04,-1.1907507261229355,1.440591103428049,-2.3695615014276497,-2.9715257194222913,-3.351316050821991,-3.8394838945600918
2025-03-05,1.0690354858783557,1.5242672411669342,-2.507196500076746,-3.1441255604190452,-3.545975855958795,-4.062498726765383
2025-03-06,-1.7910329035776051,1.3967742259001898,-2.297489151504262,-2.881144084960592,-3.2493827509379476,-3.722702529481691
2025-03-07,0.5589106079687767,1.625462743073702,-2.673648288419268,-3.3528628182642772,-3.7813917966821,-4.332206417482332
2025-03-10,-2.699659929296594,1.455804389045274,-2.394585129452991,-3.0029063585092097,-3.3867074454747983,-3.880030559725302
2025-03-11,-0.8347814223819583,1.9026298966546216,-3.129547686258659,-3.9245790557760176,-4.426179015169024,-5.070916256618968
2025-03-12,0.5292522932692556,1.8305683980615854,-3.011017068934345,-3.7759368796999837,-4.258538901116917,-4.878856925829379
2025-03-13,-1.3419953983158095,1.6251780179907365,-2.673179957333868,-3.3522755121890255,-3.780729427090657,-4.331447564142323
2025-03-14,2.0445277681773177,1.7075070729518498,-2.808599201990142,-3.5220967082872967,-3.9722554490712345,-4.550872132172313
2025-03-17,0.7681526477030687,1.5989992068357635,-2.630119644856333,-3.2982761431343444,-3.719828405415369,-4.261675424380341
2025-03-18,-1.0867062696459762,1.4447023421257952,-2.376323887310901,-2.9800060241388526,-3.360880222226167,-3.850441226400561
2025-03-19,1.0831797436465784,1.5043966937972288,-2.474512358166175,-3.103138327867371,-3.499750050329253,-4.009539461349589
2025-03-20,-0.28957726501657177,1.3841171226963218,-2.2766700693926807,-2.85503611607603,-3.219937925808114,-3.6889686380343574
2025-03-21,0.03297563774022905,1.2935163405317542,-2.1276450442446517,-2.668152722334986,-3.0091689888331348,-3.447498145034899
2025-03-24,1.7750193730790897,1.1562124460767922,-1.9018002354558452,-2.384934220722088,-2.6897523658703055,-3.081553853024675
2025-03-25,0.24007823092286884,1.1212667468171762,-1.8443196752823103,-2.3128512792919755,-2.6084565126908275,-2.9884160784180183
2025-03-26,-1.2010067262382407,1.0136472691188843,-1.6673013870596518,-2.090863204306449,-2.35809616954202,-2.701587116070342
2025-03-27,-0.2659175998708463,1.178291811715062,-1.9381175601067409,-2.4304776110057866,-2.741116651183065,-3.140400092300006
2025-03-28,-2.0343823330424726,1.1148562647121008,-1.8337753705412696,-2.299628295751539,-2.5935435012741084,-2.971330770352299
2025-03-31,0.6690341369994357,1.4682747159821035,-2.4150969919443055,-3.0286290615956126,-3.4157177640328857,-3.9132666524097015
2025-04-01,0.28204874356632104,1.3301359532259371,-2.1878789470022366,-2.7436884664452386,-3.094358946972446,-3.5450972575309914
2025-04-02,0.6308384306951353,1.1951262101119842,-1.9658076813674643,-2.4652021401858004,-2.7802793181045016,-3.1852673702984498
2025-04-03,-5.053641993379987,1.0964593763903325,-1.803515182060588,-2.261680798591944,-2.550745939237796,-2.9222991219870087
2025-04-04,-6.0326675171205935,2.5217737510553286,-4.147948700774376,-5.201695013937869,-5.86652300457956,-6.721067261807446
2025-04-07,-0.17827202215734417,3.6361384295361114,-5.980915483920103,-7.500309308474074,-8.458922905269535,-9.69108784954551
2025-04-08,-1.578679439578412,3.123064365188739,-5.136983748283595,-6.44198486474486,-7.265334146449531,-8.323635557156274
2025-04-09,9.986284608912044,2.975475139547189,-4.894221075188131,-6.137550678763931,-6.9219902651469765,-7.930278654206589
2025-04-10,-4.4808164846050325,3.059765458451921,-5.032866311955476,-6.311417399117607,-7.118078869333225,-8.154930410788964
2025-04-11,1.768539500640376,3.5891143256214484,-5.903567716041927,-7.4033120870677385,-8.349528481098982,-9.565758539093132
2025-04-14,0.9654795728337717,3.1174453979411876,-5.1277413696267375,-6.430394549038371,-7.252262473938885,-8.308659805744442
2025-04-15,-0.28047392406680416,2.700522524383124,-4.441964268895727,-5.570402398007354,-6.2823548333980845,-7.1974710343500545
2025-04-16,-2.2478915868915372,2.3807794605518002,-3.916033730660198,-4.910864285130819,-5.5385212366147805,-6.345287273769874
2025-04-17,0.14259098046638385,2.527459575543074,-4.157301049805254,-5.21342323692998,-5.879750210288796,-6.7362212020865755
2025-04-21,-2.4090503650422868,2.1810901368931215,-3.587574022376734,-4.498962559697566,-5.07397440305276,-5.813072448703528
2025-04-22,2.568499541701641,2.4058807683599426,-3.9573217078496463,-4.962641074231859,-5.596915610669897,-6.412187636289413
2025-04-23,1.5376643965653969,2.1901920848973035,-3.6025453945637365,-4.517737264419059,-5.095148700441919,-5.837331089957122
2025-04-24,2.08305470155139,1.9656290820922186,-3.233172124920679,-4.0545282824406845,-4.572737036278082,-5.2388225815174545
2025-04-25,0.7199174694128452,1.808439402899932,-2.9746181109819076,-3.7302911179627714,-4.207059160267944,-4.819878413242577
2025-04-28,0.0381229416225537,1.6132726041583678,-2.653597294211338,-3.327718062598323,-3.75303329293215,-4.299717085897192
2025-04-29,0.6279694536599045,1.417338966802758,-2.331315140165169,-2.923563239403391,-3.297223492216838,-3.777511969372943
2025-04-30,0.03967340036314937,1.2799242381122253,-2.1052880252819937,-2.640116118593271,-2.977549030265718,-3.411272280381974
2025-05-01,0.7061921549296635,1.1397719230165642,-1.8747579814712496,-2.3510221432436347,-2.651505990001025,-3.037736337174632
2025-05-02,1.4735143881567936,1.047514805478882,-1.723008527077305,-2.16072220531494,-2.436883840752102,-2.791851355585087
2025-05-05,-0.575079865633743,1.014536308692468,-1.6687637270267643,-2.0926970376212606,-2.360164384863965,-2.7039565969843076
2025-05-06,-0.8393668386905695,1.0407842671227547,-1.711937776650893,-2.1468390376463358,-2.421226267156175,-2.773913029047754
2025-05-07,0.41968397269700475,1.1235692963360475,-1.8481070322096613,-2.317600777674471,-2.6138130438689275,-2.9945528661387644
2025-05-08,0.6943627636357697,1.0218798916515976,-1.6808428460919078,-2.107844740244051,-2.377248113468779,-2.7235288187152693
2025-05-09,-0.12749277843102647,0.9478186371225407,-1.5590229229632122,-1.9550776419868978,-2.20495587144631,-2.5261397099677763
2025-05-12,3.2513073241944745,0.8891696245286537,-1.4625538818810346,-1.8341015725618228,-2.0685178656839263,-2.3698275275933085
2025-05-13,0.6582229834052988,0.9866387091267668,-1.622876259197881,-2.0351523016983752,-2.295264863423453,-2.629603517908288
2025-05-14,0.12771384418934772,0.916902529044272,-1.5081704504594484,-1.8913065898955694,-2.1330342491448127,-2.443741659079827
2025-05-15,0.48724526983479066,0.8325905296398942,-1.3694895524436272,-1.7173951488976007,-1.9368952085743054,-2.219032119321492
2025-05-16,0.6314102279206146,0.7751422599135519,-1.2749955576221665,-1.5988958671639333,-1.8032505484291044,-2.065920173912583
2025-05-19,0.10932163119026228,0.7335571687549344,-1.2065941696028069,-1.5131177670296891,-1.7065091600204598,-1.9550869976022591
2025-05-20,-0.33677927027300214,0.6734288022103265,-1.1076918078092413,-1.3890902152636255,-1.566629662339863,-1.7948320200414052
2025-05-21,-1.6994383379737243,0.7001835710907316,-1.1516994864404237,-1.4442776196951381,-1.6288705620452473,-1.8661392105235264
2025-05-22,0.03945692246958288,1.0899190284935234,-1.792757267100997,-2.2481899392196416,-2.535530814812567,-2.904867693766424
2025-05-23,-0.6849289817504989,0.9834441194394447,-1.6176216267640673,-2.028562780635605,-2.2878331364959186,-2.621089252045467
2025-05-27,2.0577493615418163,1.0404951513165497,-1.7114622234684476,-2.146242674770024,-2.4205536832150583,-2.773142473489729
2025-05-28,-0.5802215424402846,1.0322331956750854,-1.697872515765873,-2.1292006330533173,-2.401333500273118,-2.7511225918262325
2025-05-29,0.3939716947836125,1.0590328863645773,-1.7419540841976613,-2.18448069827577,-2.4636789037335696,-2.822549508552735
2025-05-30,-0.11192921280187562,0.96937275009914,-1.5944762838684936,-1.9995375868781913,-2.2550982363462575,-2.583586038379949
2025-06-02,0.5617305162378017,0.909210407312551,-1.4955180361300748,-1.8754399518826421,-2.11513969810736,-2.423240506855813
2025-06-03,0.5686288008742046,0.8481389084791058,-1.39506435977052,-1.74946698906522,-1.973066146631687,-2.2604718797070826
2025-06-04,-0.02683763078676904,0.7955966652453572,-1.308640060419322,-1.6410874310117962,-1.8508346107875193,-2.120435545871628
2025-06-05,-0.48445882397398776,0.7417663484460647,-1.2200970685920591,-1.5300509471177135,-1.72560656774254,-1.9769662200524336
2025-06-06,1.021661208921465,0.7912271118001794,-1.301452784586863,-1.6320742971573396,-1.8406695094198218,-2.1087897498929786
2025-06-09,0.09008769765985747,0.7674290170412001,-1.2623084021080213,-1.582985662303718,-1.7853068622710482,-2.0453627293242103
2025-06-10,0.5653754979559444,0.7034995088839061,-1.1571537187462724,-1.4511174470500172,-1.6365845868808506,-1.8749768950836772
2025-06-11,-0.2856194072335505,0.6693001667382543,-1.1009008067786428,-1.3805740259978527,-1.5570250199867182,-1.7838283220706144
2025-06-12,0.3966452380753438,0.6851784133852976,-1.127018198365662,-1.4133262887174707,-1.5939633453175635,-1.8261472508284722
2025-06-13,-1.1242927662180158,0.645420767506092,-1.0616226903421984,-1.3313176833660885,-1.501473230349605,-1.7201846076637406
2025-06-16,0.946911814478657,0.8741673551717057,-1.4378773447167559,-1.80315619941757,-2.0336173682596024,-2.329843265965713
2025-06-17,-0.8581750648374964,0.8355952604145436,-1.3744318947563219,-1.7235930455495816,-1.9438852576239762,-2.2270403705103985
2025-06-18,-0.015075043315082581,0.957535307919226,-1.5750054241650338,-1.975120343285554,-2.2275602278969333,-2.552036719149521
2025-06-20,-0.2351194621375896,0.880091985052869,-1.4476224936651325,-1.8153770093531867,-2.047400118388125,-2.345633673775275
2025-06-23,0.982881092575294,0.8568062701101852,-1.4093209009855008,-1.7673452669089458,-1.9932294449356915,-2.283572255179115
2025-06-24,1.0986736854918355,0.8219679761299165,-1.3520170067752542,-1.6954838717241367,-1.9121834537994837,-2.1907207386503154
2025-06-25,0.05601062999573969,0.797567807732922,-1.3118823012892311,-1.6451533318663183,-1.8554201739228973,-2.1256890628598133
2025-06-26,0.7793534795984769,0.7279385401453141,-1.1973523479557797,-1.5015281498359978,-1.6934382752994448,-1.9401121487330575
2025-06-27,0.49560298346520426,0.7010039266264069,-1.153048851218669,-1.445969777565285,-1.630778994401623,-1.8683256337629475
2025-06-30,0.4769712304524276,0.6639615058769305,-1.0921194910978302,-1.3695619018642613,-1.5446054376417524,-1.7695996472254105
2025-07-01,-0.03236320793869041,0.6311236494587162,-1.038106023867019,-1.301826834859321,-1.4682131601751813,-1.6820797253339121
2025-07-02,0.4523032166476426,0.5997085200785433,-0.9864327343648917,-1.2370264451373354,-1.395130640728898,-1.5983516757758716
2025-07-03,0.7850588492424926,0.5726429522930611,-0.9419138370274404,-1.1811979518237608,-1.332166714651433,-1.526216139632271
2025-07-07,-0.7480020512419472,0.5644405082675926,-0.9284220172222821,-1.1642786654795643,-1.3130849764308457,-1.5043548691740023
2025-07-08,-0.054786626906544456,0.7071612021772061,-1.163176668240541,-1.4586704687032712,-1.6451029592891087,-1.884736092119525
2025-07-09,0.5978718557821949,0.6720493003898566,-1.105422729236455,-1.3862446991905624,-1.5634204612125773,-1.7911553521724957
2025-07-10,0.28162422498709816,0.6427578657738711,-1.0572426067697394,-1.3258248818579026,-1.495278394566073,-1.7130874040996418
2025-07-11,-0.35215191372728327,0.6030026948711162,-0.9918511697202674,-1.2438213816721437,-1.402794037254319,-1.6071313572773418
2025-07-14,0.19063975979420889,0.6441322062854817,-1.0595031957449286,-1.3286597516330783,-1.4984755886934666,-1.716750315974784
2025-07-15,-0.4282421636416345,0.6003120690577562,-0.9874254840923931,-1.238271393346716,-1.3965347056135697,-1.5999602630979453
2025-07-16,0.33376150794746096,0.6585998362105221,-1.0833003293005228,-1.3585023171737367,-1.532132328811994,-1.755309648985702
2025-07-17,0.6101040721242512,0.6194751483240296,-1.0189459445270812,-1.2777993223805382,-1.4411146943247408,-1.651033974464031
2025-07-18,-0.07326812474746092,0.5975917297498065,-0.9829509241151732,-1.2326601146154421,-1.390206250047851,-1.592709976090232
2025-07-21,0.18943796948640568,0.5792272021397268,-0.9527439642684832,-1.194779368310307,-1.3474839702843777,-1.5437645759539145
2025-07-22,0.014311092236773959,0.5432177184335282,-0.8935136343896924,-1.1205021450778012,-1.2637133844191544,-1.4477915879128433
2025-07-23,0.8471458892609363,0.5133297977098046,-0.8443523795852376,-1.05885194821121,-1.1941836835840187,-1.368133876583407
2025-07-24,0.033109479142545695,0.5159417064791256,-0.8486485871977216,-1.0642395658817294,-1.2002598919967173,-1.3750951729776475
2025-07-25,0.42153555099133655,0.4855908544079665,-0.798725878087408,-1.0016344745957861,-1.1296532518056484,-1.2942036504379821
2025-07-28,-0.025103506196888503,0.47044798097409873,-0.7738180677972435,-0.9703990756212831,-1.0944256603859004,-1.2538446488251411
2025-07-29,-0.2641133326156897,0.4566556074898273,-0.7511316322473703,-0.9419493701893507,-1.0623398016527883,-1.2170850188825404
2025-07-30,-0.1260124634700155,0.4957851846045166,-0.8154940590855443,-1.0226624500561698,-1.153368810185663,-1.321373724244728
2025-07-31,-0.37582800219579937,0.49955641398890677,-0.8216971794165244,-1.0304414132073998,-1.1621420016465593,-1.3314248584281907
2025-08-01,-1.6526177634515804,0.5580414797038193,-0.9178965518801936,-1.1510793073054633,-1.2981986099355851,-1.4873000872494346
2025-08-04,1.508535538485578,0.9878618138079618,-1.6248880873688858,-2.0376752153891986,-2.2981102303982808,-2.6328633538975805
2025-08-05,-0.5082764440420995,0.9601962061656035,-1.5793822122965364,-1.980609012177831,-2.2337504028754327,-2.5591285829946595
2025-08-06,0.7630493093452984,0.9832972023171969,-1.6173799696026767,-2.0282597328059024,-2.2874913561609174,-2.62069768644204
2025-08-07,-0.08379749990243823,0.9201662564113311,-1.5135388042565363,-1.8980387221358146,-2.140626814366619,-2.4524401916698446
2025-08-08,0.7767328747427804,0.8610127354988132,-1.4162399208366314,-1.7760219969404054,-2.003015146749753,-2.2947833865502787
2025-08-11,-0.19794975605833542,0.8159150292104093,-1.342060795080958,-1.6829983805901065,-1.898102193601606,-2.1745883384454463
2025-08-12,1.0589747830358043,0.7932445806240517,-1.3047712254990709,-1.636235755939088,-1.845362843729181,-2.1141667364914674
2025-08-13,0.3417301824057972,0.7705036971685213,-1.267365800867161,-1.589327844381332,-1.7924596378485973,-2.0535574105225614
2025-08-14,0.009305657202052231,0.7166988792064878,-1.1788647508948464,-1.4783439572654398,-1.6672909139694663,-1.9101560445670323
2025-08-15,-0.23440349614380906,0.6677637551365742,-1.0983736345831288,-1.377404850109464,-1.553450792123498,-1.7797334560215121
2025-08-18,-0.02175594393598601,0.6736824434450507,-1.1081090105141216,-1.389613404287003,-1.5672197200870326,-1.7955080282670581
2025-08-19,-0.5439995209500559,0.6389612115136389,-1.0509976662395157,-1.3179934744896442,-1.486446055999314,-1.7029685071755347
2025-08-20,-0.2660619942930431,0.7178849213599005,-1.1808156166326047,-1.4807904216055279,-1.6700500606115807,-1.9133171009802372
2025-08-21,-0.4019891234610107,0.7245000679090305,-1.1916965644267568,-1.494435569115957,-1.685439192722618,-1.9309478836326501
2025-08-22,1.524006767331798,0.7582842965905856,-1.2472666755073707,-1.5641227303091603,-1.7640330612920632,-2.0209900903381453
2025-08-25,-0.4410775275590417,0.759974215004713,-1.2500463439401,-1.5676085466656233,-1.7679643994020708,-2.025494084926702
2025-08-26,0.41782951046389627,0.7993031144186062,-1.314736626785052,-1.6487327711918325,-1.8594571009419476,-2.13031402691516
2025-08-27,0.2275921406956094,0.7463393457972686,-1.2276189798712263,-1.5394837273227393,-1.7362449504085076,-1.989154237622466
2025-08-28,0.35352017266330193,0.6924234441223198,-1.1389352134508277,-1.4282707064095115,-1.6108178071699957,-1.8454568097756263
2025-08-29,-0.5981630225623036,0.6499707036254637,-1.0691066692705444,-1.3407028948728572,-1.5120579645679268,-1.7323111621107552
2025-09-02,-0.743788819356439,0.7399096616387605,-1.2170430905629517,-1.526221135460757,-1.7212872683356082,-1.972017751970878
2025-09-03,0.5404926745351091,0.8498258383597161,-1.3978391125030547,-1.7529466409353218,-1.9769905323731007,-2.2649679092136115
2025-09-04,0.8322820718337454,0.795658880803376,-1.3087423959055822,-1.641215763840148,-1.8509793458186485,-2.1206013636615864
2025-09-05,-0.2900635192256473,0.7611166044905623,-1.2519254074292905,-1.5699649680892467,-1.770621994753803,-2.028538797629561
2025-09-08,0.2453814377465946,0.7684238144761476,-1.2639446982769766,-1.5850376437136597,-1.7876211071689394,-2.0480140775941957
2025-09-09,0.23090625859198965,0.7129837035502029,-1.1727538307418446,-1.4706806168570812,-1.6586481229797796,-1.900254305576819
2025-09-10,0.2886683795347622,0.6638686805214019,-1.091966806975116,-1.3693704298145513,-1.5443894935732614,-1.769352247767847
2025-09-11,0.8275831003020429,0.624059057624026,-1.026485804364797,-1.287254610802093,-1.4517784619795835,-1.6632510747151568
2025-09-12,-0.03346689385486101,0.6104720827797522,-1.0041372195128948,-1.2592285837755282,-1.4201704319359607,-1.6270388761487173
2025-09-15,0.530992342128922,0.5843934187442497,-0.9612416343880495,-1.205435789466814,-1.359502387299144,-1.5575336499136754
2025-09-16,-0.13778345688111315,0.5627083876988072,-0.9255729324223981,-1.1607057981981834,-1.3090554614280692,-1.4997383968027218
2025-09-17,-0.12432077551656207,0.5632879030969361,-0.9265261504268848,-1.1619011720320518,-1.3104036158424803,-1.5012829294827243
2025-09-18,0.4661563154354731,0.5608418544398197,-0.9225027584215271,-1.1568556761392315,-1.3047132557491972,-1.49476368581812
2025-09-19,0.49406496408188616,0.5391631820727214,-0.8868445155510127,-1.1121388009978606,-1.2542811223759702,-1.436985379947112
2025-09-22,0.47198519222897417,0.5210455990858736,-0.8570437434635018,-1.0747674305298107,-1.2121333217117582,-1.3886981401322698
2025-09-23,-0.5458344535399284,0.504466569407345,-0.829773666365438,-1.0405696536758642,-1.1735647312654534,-1.3445114744735205
2025-09-24,-0.3186705609681262,0.6049577508512501,-0.9950669506400839,-1.2478541006817598,-1.4073421775773345,-1.612342000277167
2025-09-25,-0.4624172513464586,0.640020105328944,-1.0527393915721768,-1.3201776683242645,-1.488909411375384,-1.7057906860299221
2025-09-26,0.5712795234045664,0.7011924666182205,-1.153358971908029,-1.4463586814211267,-1.6312176040107507,-1.8688281332302332
2025-09-29,0.28064247447199264,0.6668474978922767,-1.0968665255316254,-1.3755148745566803,-1.551319259031152,-1.7772914341845156
2025-09-30,0.37597898827215204,0.6251422989961302,-1.0282675778645665,-1.2894890266539543,-1.454298458242651,-1.6661381450241557
2025-10-01,0.34017768166521023,0.5923589408001517,-0.974343752232262,-1.221866373830006,-1.3780329625995171,-1.5787634725695436
2025-10-02,0.11510488920176698,0.5622096662651095,-0.9247526086633421,-1.1596770791095168,-1.307895261881048,-1.4984091973456395
2025-10-03,-0.0014767471260057619,0.5263066643210267,-0.8656974256971717,-1.0856194971714932,-1.2243723896367469,-1.4027200060111669
2025-10-06,0.3579813724412517,0.5033240913556022,-0.8278944571983163,-1.0382130495662383,-1.170906929878643,-1.3414665257235825
2025-10-07,-0.3714382034843311,0.48391866120261257,-0.795975365028618,-0.9981852202544758,-1.1257631486973876,-1.2897468973279071
2025-10-08,0.5945343779222512,0.5457039006869056,-0.8976030402864226,-1.1256304250536404,-1.2694971092187768,-1.454417796208916
2025-10-09,-0.2901212830195732,0.5319511028753421,-0.8749817009253421,-1.0972623528686682,-1.2375033172677325,-1.4177636439119965
2025-10-10,-2.7399797306961737,0.5691224388372571,-0.9361231077009298,-1.1739361436294717,-1.3239767756579914,-1.5168332171069436
2025-10-13,1.5227544895200396,1.4745407209026313,-2.4254036528643317,-3.0415540301970903,-3.430294671258485,-3.929966897828649
2025-10-14,-0.1222401631992831,1.3661801367469006,-2.2471663529971977,-2.8180372654300783,-3.1782102566779775,-3.641162728011817
2025-10-15,0.4429789843934273,1.2484632182660218,-2.0535392526803733,-2.575221070019262,-2.904359753631346,-3.3274219229012907
2025-10-16,-0.6833556176281341,1.1325423930950533,-1.8628664629586984,-2.336109699282276,-2.6346875884378034,-3.0184680912214055
2025-10-17,0.5660250871856398,1.1685987294590363,-1.9221738586015782,-2.4104835660920596,-2.718567169883857,-3.114565951632265
2025-10-20,1.0346762560389244,1.0706280689852041,-1.761026462386364,-2.2083982299727243,-2.4906533321721804,-2.853453154160736
2025-10-21,-0.001499603245225245,1.0048519009106975,-1.6528342937620422,-2.0727208856566786,-2.337635083409499,-2.678145575648706
2025-10-22,-0.5212376827340215,0.9225313583360937,-1.5174290507355919,-1.9029172481670829,-2.1461288642011804,-2.458743694952289
2025-10-23,0.5912378583532885,0.9569319245411175,-1.5740129468271096,-1.9738757366636925,-2.226156548258039,-2.550428573189866
2025-10-24,0.813935648856301,0.8906244231831151,-1.4649468127243097,-1.837102404378725,-2.07190223344089,-2.373704877654919
2025-10-27,1.1728661579555322,0.841797642090123,-1.384633904751136,-1.7363867776688486,-1.9583141550489502,-2.243571046352165
2025-10-28,0.2652478024378624,0.8127734815349813,-1.3368934089927893,-1.6765182699646062,-1.8907938608456762,-2.1662154409070014
2025-10-29,0.048018239278579955,0.754728344365868,-1.2414176545932776,-1.5567878221123508,-1.7557606793939007,-2.011512715901958
2025-10-30,-1.105907164752562,0.69653883228386,-1.1457044245946504,-1.4367595702781848,-1.6203916316704476,-1.856425200826006
2025-10-31,0.32749122269395414,0.9099042188735535,-1.4966592545926107,-1.8768710858755189,-2.116753745157283,-2.4250896632944374
2025-11-03,0.18749283108574488,0.8405480454958011,-1.3825785012607394,-1.7338092187695233,-1.9554071586683408,-2.2402406037392826
2025-11-04,-1.1924353295924561,0.7756408231950211,-1.2758156212439562,-1.5999242600299728,-1.804410380059025,-2.067248951860097
2025-11-05,0.3459398571761696,0.9947852887406397,-1.6362761902230087,-2.05195635580529,-2.314216641588891,-2.651315897742361
2025-11-06,-1.0787307565268023,0.9144937963451174,-1.5042084377428873,-1.8863380661071611,-2.1274306989510015,-2.437321870437028
2025-11-07,0.0984023271633383,1.077718136299814,-1.7726885853241303,-2.22302300262866,-2.5071472951963294,-2.872349702390844
2025-11-10,1.548393751028776,0.976962426599461,-1.606960190787435,-2.0151929098002412,-2.272754464137437,-2.603814152116429
2025-11-11,0.22865335909525442,0.9433270089258992,-1.551634852033049,-1.945812702979124,-2.1945067817400705,-2.5141685586255815
2025-11-12,0.05562438741302245,0.8661760583889389,-1.4247328312195762,-1.786672449195164,-2.015026831978183,-2.3085447481412786
2025-11-13,-1.6733244574677286,0.7934686630642797,-1.305139808313616,-1.636697973658484,-1.8458841374376151,-2.114763964197693
2025-11-14,-0.01635994812492214,1.14357886294163,-1.8810198404145804,-2.358874766984479,-2.6603622566023026,-3.0478826475989194
2025-11-17,-0.936019418834011,1.045532616554901,-1.719748116436392,-2.156633518834545,-2.4322725797628517,-2.786568397477481
2025-11-18,-0.8432917870575984,1.1516204682148714,-1.894247104014784,-2.3754622891745134,-2.6790698279335836,-3.0693152483275705
2025-11-19,0.38557567903252377,1.219861119642482,-2.00649298702102,-2.516223154866896,-2.8378213223053677,-3.2511912029180996
2025-11-20,-1.5359695168779552,1.1088138507124208,-1.8238364839583536,-2.287164531006137,-2.579486744311878,-2.9552264426351353
2025-11-21,0.9911937023691308,1.3457245131667128,-2.213519846359772,-2.775843188685674,-3.130623360250028,-3.5866441091598595
2025-11-24,1.461124108619405,1.2363266854210426,-2.0335764326116936,-2.5501868882811887,-2.8761259562492016,-3.2950754629771586
2025-11-25,0.9361939618760751,1.1602597551821898,-1.908457466517252,-2.393282657049733,-2.699167814803234,-3.0923407988065157
2025-11-26,0.6879854447598532,1.076928130841727,-1.771389141981084,-2.221393448252263,-2.5053094676784275,-2.870244168609799
2025-11-28,0.5443563227393255,0.9977165128373889,-1.6410976248099542,-2.058002629291329,-2.321035688534701,-2.6591282378880376
2025-12-01,-0.4575868940384531,0.9240251668992824,-1.519886147168724,-1.9059985462223363,-2.1496039825763784,-2.462725014777374
2025-12-02,0.18504960496885658,0.9452909779180292,-1.5548652935529743,-1.9498638069727379,-2.1990756568295944,-2.5194029567117244
2025-12-03,0.34567862174261776,0.8663466632113351,-1.4250134511804702,-1.7870243579473433,-2.0154237181440657,-2.308999446539989
2025-12-04,0.07307890626133684,0.8035293629587678,-1.321688187024735,-1.6574503081833332,-1.8692888252485205,-2.141577884623114
2025-12-05,0.18977350040128016,0.7393010585472828,-1.2160420275605608,-1.5249657620692774,-1.7198714458276145,-1.9703956943569252
2025-12-08,-0.30087994153351616,0.6871954786555278,-1.130335975491198,-1.4174869150839529,-1.598655740820765,-1.8315231618700554
2025-12-09,-0.08635176910702924,0.7088211670955058,-1.1659070675570182,-1.462094499600261,-1.6489646151477775,-1.8891602542250525
2025-12-10,0.6610371282859795,0.6826245905332111,-1.1228175335848158,-1.4080584856123668,-1.5880222649549351,-1.8193407658468472
2025-12-11,0.23242449793094977,0.6553267705468383,-1.0779166153723623,-1.3517509227094433,-1.5245180394636872,-1.7465862278347264
2025-12-12,-1.0810279077722917,0.6152381556004952,-1.0119767116784089,-1.2690596232243878,-1.43125797531002,-1.6397414812057653
2025-12-15,-0.15119402890508837,0.8425122098572881,-1.3858092641346602,-1.7378607257540122,-1.9599764882549529,-2.2454755225266143
2025-12-16,-0.2736037133593605,0.8126361161058687,-1.3366674629684958,-1.6762349245346668,-1.8904743010716936,-2.1658493326119466
2025-12-17,-1.1064607732192755,0.8108695743832269,-1.3337617604088474,-1.6725910562983775,-1.8863647104908214,-2.1611411204919277
2025-12-18,0.7522963990016507,1.00138687766371,-1.6471348377067636,-2.0655735378268063,-2.3295742339453676,-2.6689105464170058
2025-12-19,0.902261895801626,0.9349759549122851,-1.5378985905498883,-1.928586876909056,-2.1750793249894995,-2.491911210713621
2025-12-22,0.6210566721978061,0.8827874694553636,-1.4520561709609667,-1.8209370195526489,-2.0536707527973785,-2.352817717135524
2025-12-23,0.4560042005283371,0.8277587374849424,-1.3615419615928792,-1.707428549336368,-1.9256547791668261,-2.2061543581603593
2025-12-24,0.35114479496591855,0.7744861502073447,-1.2739163531922335,-1.5975425012698097,-1.8017242090089316,-2.064171500993493
2025-12-26,-0.01014201750946242,0.7248698234942378,-1.1923047582421704,-1.4951982686972114,-1.6862993728421796,-1.9319333614763967
2025-12-29,-0.35699930558568127,0.6832078515232001,-1.1237769125396586,-1.4092615855265365,-1.5893791329190068,-1.8208952813315387
2025-12-30,-0.12218468855627052,0.7172920545657676,-1.1798404375359761,-1.479567507676124,-1.6686708462054602,-1.9117369839697436
2025-12-31,-0.7436550096273642,0.6985362522466194,-1.1489898880649405,-1.4408796740173397,-1.6250383253543796,-1.861748752914755
