Date,ActualReturn,sigma_GJR-GARCH,VaR_95,ES_95,VaR_99,ES_99
2023-12-29,-0.28992449404139364,0.6474633803842637,-1.0649824895433166,-1.3355310071106727,-1.506225058476228,-1.7256286085533052
2024-01-02,-0.5612103667722579,0.6323023441360259,-1.0400448040820602,-1.3042581434663485,-1.470955214031884,-1.6852211991493238
2024-01-03,-0.8199989663125962,0.679588942955374,-1.117824337656264,-1.4017968164744832,-1.5809602926658965,-1.8112501147544373
2024-01-04,-0.3226425307868652,0.7903257823916985,-1.2999702296402451,-1.6302151134426832,-1.838572703666592,-2.1063875139362795
2024-01-05,0.13687015220043008,0.7534774637995778,-1.2393601391569322,-1.5542076147476018,-1.7528506960478323,-2.008178851228727
2024-01-08,1.4175016009974506,0.6935624269070593,-1.1408086734153418,-1.430620100787124,-1.6134674773498434,-1.848492442890243
2024-01-09,-0.15182797494990297,0.7623354301069303,-1.2539301971649948,-1.572479055298247,-1.7734574071352671,-2.0317872289944265
2024-01-10,0.5639558276373968,0.7104356929045916,-1.1685627261898999,-1.4654248026647134,-1.6527205638313283,-1.8934633113705435
2024-01-11,-0.044069053813000636,0.67346949185893,-1.107758736325326,-1.389174146322933,-1.566724320617387,-1.794940466671484
2024-01-12,0.0692407739593115,0.6277974435091159,-1.0326349019468313,-1.294965827246673,-1.4604752480357066,-1.6732146739372384
2024-01-16,-0.367790366175047,0.5861752653133554,-0.9641725111799141,-1.2091112272059215,-1.3636475822770502,-1.5622826527281304
2024-01-17,-0.5574245623104268,0.5990178061213185,-0.9852966110071645,-1.2356017006114437,-1.3935237997829377,-1.596510775114885
2024-01-18,0.8853425196637232,0.6551697277613574,-1.0776583029770774,-1.3514269885445054,-1.5241527033135502,-1.74616767516966
2024-01-19,1.2389103004521118,0.6581938040293656,-1.0826324657946884,-1.357664789393405,-1.5311877567105683,-1.7542274862425655
2024-01-22,0.21120518192470072,0.7088022313418993,-1.1658759210140195,-1.4620554405787771,-1.6489205639976316,-1.8891097863852677
2024-01-23,0.29123285063681337,0.6553445619629071,-1.0779458796476116,-1.3517876212912323,-1.524559428486635,-1.7466336457698333
2024-01-24,0.10925727766766258,0.6134114953671677,-1.0089721229684119,-1.2652917477661387,-1.4270085281596234,-1.6348730403761607
2024-01-25,0.5424083292647097,0.5739195360744278,-0.9440136304903288,-1.1838311775394423,-1.3351364926172506,-1.5296185088798326
2024-01-26,-0.12711545057664253,0.5600868064242692,-0.9212608149546263,-1.1552982289272724,-1.3029567514034226,-1.492751321110031
2024-01-29,0.7888095693230568,0.5394825576078534,-0.8873698415583341,-1.1127975810045818,-1.255024100973145,-1.437836584164976
2024-01-30,-0.07735270997564214,0.557492182097694,-0.9169930377204826,-1.1499462640981755,-1.2969207526173598,-1.4858360914583875
2024-01-31,-1.6452021314492526,0.5327685338401426,-0.8763262552125767,-1.0989484781890153,-1.2394049460548713,-1.4199422725435336
2024-02-01,1.3003147599585319,1.0574542218571812,-1.7393574121569313,-2.1812243667776063,-2.460006380912965,-2.818342029458468
2024-02-02,1.0472523763920272,1.0284176016869815,-1.691596422155566,-2.121330158465807,-2.3924571013106894,-2.740953216470072
2024-02-05,-0.36479361768799734,0.9772117040411599,-1.6073702156915304,-2.0157070975718563,-2.2733343701839797,-2.604478529898856
2024-02-06,0.28990996511062406,0.9140786488322024,-1.5035255808505492,-1.8854817360152665,-2.1264649214169182,-2.4362154133820657
2024-02-07,0.8305804378600179,0.8327654757661882,-1.369777313213983,-1.7177560125129312,-1.9373021941232813,-2.219498388225085
2024-02-08,0.04416510140750063,0.7958582481208897,-1.30907032596089,-1.6416270013593817,-1.8514431435538996,-2.1211327202712957
2024-02-09,0.5762824472143713,0.7290601686059806,-1.199197262597399,-1.5038417472270793,-1.6960475732843798,-1.9431015288563702
2024-02-12,-0.04391126191025663,0.6899005503085877,-1.134785422410897,-1.4230667010279447,-1.604948678509989,-1.8387327573068448
2024-02-13,-1.3868816318248989,0.6415772865368005,-1.05530072672974,-1.3233896859453198,-1.492531956567777,-1.7099409075287564
2024-02-14,0.9046689646543093,0.9862543684547571,-1.6222440750495408,-2.034359517271775,-2.294370753318216,-2.6285791676837906
2024-02-15,0.6875917613889726,0.9292605970658293,-1.52849766346682,-1.9167977350796834,-2.1617834144140144,-2.476678557706882
2024-02-16,-0.4992423999654605,0.8649885323404897,-1.4227795246916852,-1.7842229240057792,-2.012264233280005,-2.305379736829921
2024-02-20,-0.552050716000263,0.8457998150909712,-1.3912168935272686,-1.7446421111755588,-1.9676246017010173,-2.2542376947463096
2024-02-21,0.0905417391415142,0.8407519313635913,-1.3829138636698584,-1.734229776760284,-1.9558814681234213,-2.2407840032534443
2024-02-22,2.04842329008903,0.7683563066177574,-1.2638336577312559,-1.584898394389551,-1.7874640604060925,-2.047834154690029
2024-02-23,0.06894399534163043,0.9244166495190822,-1.5205300787757903,-1.906806062436114,-2.150514707336674,-2.4637683998226825
2024-02-26,-0.36692144952894523,0.8395577551370913,-1.3809496185724806,-1.7317665341634614,-1.9531033987976731,-2.2376012677929777
2024-02-27,0.18558991527735103,0.8028854210061905,-1.3206289967684923,-1.6561220408704607,-1.8677907922561368,-2.1398616413740283
2024-02-28,-0.13224591766238802,0.7373342502858417,-1.2128069158582113,-1.5209088014784913,-1.715295965609965,-1.9651537290098386
2024-02-29,0.3588451188289099,0.6882720363449016,-1.132106755311187,-1.419707544417845,-1.6011601885127222,-1.8343924187327971
2024-03-01,0.934454195051071,0.644430170632268,-1.0599933034814422,-1.329274366507375,-1.499168757418153,-1.7175444547889949
2024-03-04,-0.10729701735954222,0.6556752924439574,-1.0784898828789105,-1.3524698232903278,-1.5253288226381068,-1.74751511335103
2024-03-05,-1.0044495658969588,0.6181656121218094,-1.016791949155235,-1.2750981252843239,-1.4380682575647263,-1.6475437799558161
2024-03-06,0.5054421313091417,0.815171368584999,-1.3408375822040308,-1.6814644222936337,-1.8963721802866749,-2.1726063235714914
2024-03-07,0.9877652478228249,0.7589736170617005,-1.248400506784416,-1.5655446004734062,-1.7656366605045741,-2.0228272770601365
2024-03-08,-0.6020342567088832,0.7524631945090843,-1.2376918146357583,-1.5521154684918395,-1.7504911528401879,-2.0054756062924435
2024-03-11,-0.0860290465595881,0.7796635016668743,-1.2824323385184433,-1.6082218904343486,-1.8137685295699704,-2.077970251727159
2024-03-12,1.070004096794186,0.7209097682126516,-1.1857910469493251,-1.487029811949446,-1.6770869066567773,-1.9213789658265579
2024-03-13,-0.15687360793688043,0.7323591967703764,-1.2046236810390205,-1.5106466948741064,-1.703722260441023,-1.9518941456334393
2024-03-14,-0.1978864597534269,0.6862963079007195,-1.1288569712139027,-1.4156321840518737,-1.596563956846917,-1.8291266791878211
2024-03-15,-0.6890222494845943,0.6520789043151265,-1.0725743508212777,-1.3450515074362206,-1.5169623727603754,-1.7379299685681873
2024-03-18,0.5925560342371128,0.7292503765728469,-1.199510126861574,-1.5042340916364243,-1.6964900631837248,-1.9436084738344854
2024-03-19,0.5541628089186013,0.6922732665089116,-1.1386881932587265,-1.4279609331229335,-1.610468441798315,-1.8450565542647932
2024-03-20,0.9206944260736982,0.6591396903231876,-1.0841883102957655,-1.3596158811661176,-1.5333882172792856,-1.7567484758436904
2024-03-21,0.3299140030712522,0.6661120751019824,-1.0956568626876673,-1.3739979085482075,-1.5496084097864298,-1.775331374905857
2024-03-22,-0.18975301378141296,0.6248964224286196,-1.0278631469007142,-1.2889818539090843,-1.4537264638125464,-1.6654828312999768
2024-03-25,-0.27668755194483197,0.6006120938005906,-0.9879189808788192,-1.2388902582263295,-1.3972326675362219,-1.600759893309003
2024-03-26,-0.1848444272237515,0.5932247474586548,-0.9757678774547396,-1.2236522843133255,-1.3800471300788564,-1.5810710327878563
2024-03-27,0.8368725173441227,0.5739067559216146,-0.943992609009621,-1.1838048157545524,-1.3351067615359238,-1.5295844470348166
2024-03-28,-0.01911638733469445,0.5903705659979053,-0.971073166727048,-1.2177649276592872,-1.3734073111055147,-1.573464027771219
2024-04-01,-0.1741398388491966,0.5576613807202699,-0.9172713446885018,-1.1502952722639754,-1.2973143674732799,-1.4862870420333398
2024-04-02,-0.637838117069478,0.5439813088307334,-0.8947696288240407,-1.122077212769806,-1.2654897613163305,-1.449826719897994
2024-04-03,0.10979414056331294,0.6392448849592439,-1.051464267535389,-1.3185786113390434,-1.487105979116419,-1.7037245576766955
2024-04-04,-1.2281127169429418,0.5979011621873588,-0.9834598951823775,-1.2332983848674395,-1.39092609754111,-1.5935346798230325
2024-04-05,1.0392569660799822,0.8924258988757873,-1.4679099765512664,-1.8408183313624131,-2.0760930925886742,-2.3785061962886362
2024-04-08,0.05592883114804437,0.8648163100769497,-1.4224962442768598,-1.7838676789370373,-2.0118635843833563,-2.304920727604074
2024-04-09,0.11559838138968104,0.7894301266414626,-1.2984970070309698,-1.6283676328555539,-1.8364890968161582,-2.1040003994942165
2024-04-10,-1.00634863429514,0.7253422743644715,-1.193081870769631,-1.4961727991581606,-1.6873984579197365,-1.9331925442541584
2024-04-11,0.7518591932832663,0.88118459563225,-1.4494196781394728,-1.817630751188894,-2.049941910686623,-2.3485457150287417
2024-04-12,-1.3899313984611972,0.8303368310760012,-1.3657825481867525,-1.7127464160055974,-1.931652321711464,-2.2130255298606314
2024-04-15,-1.2607177565992167,1.0882127840712328,-1.7899507447745264,-2.2446704469970444,-2.5315614967281768,-2.9003201868687496
2024-04-16,-0.18255379975800068,1.2132748138349874,-1.9956594780253512,-2.502637497523616,-2.8224992837923195,-3.2336372870204184
2024-04-17,-0.5935822699166593,1.0995649612338623,-1.8086234145542732,-2.2680867282234938,-2.557970609936195,-2.9305761708744744
2024-04-18,-0.20598467928225617,1.0539450824190633,-1.7335853914246644,-2.173986019915271,-2.4518429018413865,-2.8089894211268196
2024-04-19,-0.8766688511051335,0.9644359605730513,-1.5863559877110105,-1.9893544078947594,-2.243613546527654,-2.570428436732163
2024-04-22,0.9167061910420493,1.0096635453347267,-1.6607487445445073,-2.082645926235295,-2.3488286421859796,-2.6909696387908757
2024-04-23,1.179669101645242,0.950765699317258,-1.5638704089030446,-1.9611565849204622,-2.211811763317656,-2.5339942620373805
2024-04-24,-0.047472002412707326,0.9271478672653942,-1.5250225321918058,-1.9124397802615234,-2.1568684699343494,-2.4710476801990144
2024-04-25,-0.38061433600500294,0.8462646612586017,-1.39198149743207,-1.7456009553190508,-1.9687059955948403,-2.2554766093625513
2024-04-26,0.9429290275657642,0.8094746063686351,-1.3314672422105647,-1.6697136379086157,-1.8831195296157206,-2.1574232319025097
2024-04-29,0.35352964418171595,0.7879850132137514,-1.2961200069680427,-1.625386778879913,-1.8331272602658544,-2.100148862636668
2024-04-30,-1.5968090822358505,0.7293490263010013,-1.1996723912247267,-1.5044375776941457,-1.6967195567690916,-1.9438713964927958
2024-05-01,-0.3252434588917552,1.1133072233696506,-1.8312274242708426,-2.2964330683351086,-2.5899398922402983,-2.9672022433384972
2024-05-02,0.9309996295354672,1.027117226668004,-1.6894574955892037,-2.1186478582595996,-2.3894319766498353,-2.7374874384777104
2024-05-03,1.2319165078220173,0.9669637900047041,-1.5905138971199793,-1.994568594038624,-2.2494941571519176,-2.5771656436800128
2024-05-06,1.0273836955982496,0.9461352520682145,-1.556254000951048,-1.9516053020753725,-2.2010397322039856,-2.5216531281826686
2024-05-07,0.11026425373472648,0.9079344733892111,-1.4934193115885188,-1.8728080666374356,-2.1121714319373814,-2.419839869619106
2024-05-08,0.009677321187240295,0.8277687992977893,-1.361558511802234,-1.707449303966594,-1.9256781864437515,-2.2061811750470413
2024-05-09,0.5745451940871504,0.7587630610749135,-1.248054173005873,-1.5651102839427633,-1.7651468340323457,-2.022266100249973
2024-05-10,0.12871547391357652,0.7157875590742137,-1.1773657626699614,-1.4764641655568587,-1.6651708663171796,-1.9077271811912078
2024-05-13,0.013425343870565598,0.6626486319164512,-1.0899600056022059,-1.3668538199313378,-1.5415512360949077,-1.7661005568764192
2024-05-14,0.4577760924489027,0.6174319689087585,-1.01558521345536,-1.273584830032623,-1.4363615482357408,-1.6455884636317326
2024-05-15,1.230698450440748,0.590334671664049,-0.9710141258018175,-1.2176908879571249,-1.373323808398258,-1.5733683616821954
2024-05-16,-0.20596643455439434,0.6573465420078087,-1.0812388437855525,-1.3559171311702252,-1.529216730507964,-1.7519693514543535
2024-05-17,0.14366012894226898,0.6295750322554649,-1.0355587752434914,-1.298632482320248,-1.4646105378366945,-1.6779523287419342
2024-05-20,0.115138261230463,0.5897316840568843,-0.9700222994491657,-1.2164470976970578,-1.3719210494602574,-1.5717612705368877
2024-05-21,0.24495314252233058,0.5564079732574236,-0.915209672877191,-1.147709852637337,-1.2943985056867804,-1.4829464426394743
2024-05-22,-0.28836815890089795,0.5309525049213432,-0.8733391534588407,-1.095202532079404,-1.2351802310404256,-1.4151021664445902
2024-05-23,-0.7330724577204073,0.5410530454029621,-0.8899530641042017,-1.1160370462935865,-1.2586776019165034,-1.4420222705693795
2024-05-24,0.6594480123547797,0.6684962669735951,-1.0995785093350376,-1.378915811657338,-1.5551548694782613,-1.781685756986112
2024-05-28,0.06986013619645348,0.6470569818387499,-1.0643140234217408,-1.3346927236258892,-1.5052796340838588,-1.724545469370674
2024-05-29,-0.7027087116654229,0.6044135365558181,-0.9941717977824036,-1.2467315428845436,-1.4060761458081334,-1.6108915525980658
2024-05-30,-0.6655864856056404,0.6982520954916025,-1.148522491795828,-1.4402935402394266,-1.6243772778914516,-1.8609914142904764
2024-05-31,0.9066908176913024,0.7535395706390792,-1.2394622958171444,-1.5543357233208752,-1.7529951781618698,-2.0083443792605467
2024-06-03,0.08149473422349729,0.7372967208490476,-1.2127451854279832,-1.5208313890285579,-1.715208659084465,-1.9650537050212138
2024-06-04,0.1117354267082149,0.6820792159363315,-1.1219204722010911,-1.406933534446494,-1.5867535339209282,-1.8178872257158283
2024-06-05,1.1814975961931928,0.6359922809484937,-1.0461142100312695,-1.3118694233883188,-1.4795392906909135,-1.6950556712140903
2024-06-06,-0.001870945675452873,0.6733898054699475,-1.1076276638793896,-1.3890097761877946,-1.5665389423557878,-1.7947280853744
2024-06-07,-0.12162807591575842,0.6308482141093543,-1.0376529730336304,-1.3012586908365518,-1.4675724017357576,-1.6813456311240067
2024-06-10,0.30850289978756607,0.6005114526230434,-0.9877534408729101,-1.2386826643804403,-1.396998541146794,-1.6004916630114518
2024-06-11,0.24053242762516192,0.5701718959328982,-0.937849311011025,-1.1761008722215802,-1.326418177941333,-1.5196302450818893
2024-06-12,0.8179420395108217,0.5423272047417266,-0.8920488697138826,-1.1186652710804612,-1.2616417397854274,-1.445418178158041
2024-06-13,0.2011508440890708,0.5560132795056799,-0.9145604594281003,-1.1468957127805721,-1.2934803107165143,-1.4818944992396452
2024-06-14,0.0608135717574676,0.5290981377311866,-0.8702889908604119,-1.0913775051264465,-1.230866327869914,-1.4101598806396423
2024-06-17,0.7927489938320598,0.5045573121109639,-0.8299229248306049,-1.0407568298128067,-1.173775830361102,-1.344753323217598
2024-06-18,0.25375970736654097,0.5240697277939126,-0.8620179925372878,-1.0810053395474337,-1.2191684971025307,-1.3967580909690913
2024-06-20,-0.2720341591681219,0.5031730529218147,-0.8276460210826919,-1.0379015006544388,-1.170555561939303,-1.3410639759420333
2024-06-21,-0.13417201132757128,0.5158683227678718,-0.8485278817341065,-1.0640881963606637,-1.2000891759560528,-1.3748995896668719
2024-06-24,-0.32558074186299635,0.5037196084859302,-0.8285450249846579,-1.0390288878165543,-1.1718270403139284,-1.342520663603723
2024-06-25,0.38434532800630805,0.525980469026458,-0.8651608821838059,-1.0849466499596379,-1.2236135459067048,-1.4018506256734726
2024-06-26,0.12472593151322542,0.5099695858541793,-0.838825322927187,-1.0519207961806734,-1.186366661877358,-1.35917819216242
2024-06-27,0.15752821899139846,0.49005577935150296,-0.80607002607485,-1.0108443324613783,-1.1400402204557962,-1.3061036318902721
2024-06-28,-0.39428681088713446,0.47380170188913284,-0.7793344478081203,-0.9773168387055295,-1.1022275819067164,-1.2627830334989611
2024-07-01,0.20560026099207818,0.517576025652029,-0.8513368030168681,-1.067610696971232,-1.2040618869301052,-1.3794509836778532
2024-07-02,0.6707196031388918,0.4978691235331238,-0.8189218335906092,-1.0269610175742712,-1.1582167770818592,-1.3269278679115841
2024-07-03,0.4452703659563184,0.5045795493965246,-0.829959501910413,-1.040802698946537,-1.1738275620230905,-1.3448125903472963
2024-07-05,0.5749907876922755,0.4948681044044902,-0.8139855963923255,-1.0207707769820638,-1.1512353626120067,-1.3189295090544202
2024-07-08,0.11531627259042665,0.4948729841356796,-0.813993622835871,-1.0207808424660854,-1.1512467145642848,-1.3189425145833775
2024-07-09,0.09720073332113444,0.47711426109805405,-0.7847831228374059,-0.984149697011398,-1.1099337469800246,-1.2716117134083154
2024-07-10,0.9846668354303034,0.46203982787656717,-0.7599878866788055,-0.9530554705395216,-1.074865371302848,-1.2314351196227553
2024-07-11,-0.8660003236682812,0.5108373274051891,-0.8402526307646219,-1.0537106977915476,-1.1883853305897665,-1.3614909092837562
2024-07-12,0.6287846722514701,0.6867456052631321,-1.1295959996100469,-1.4165589554757017,-1.5976091788107778,-1.8303241529072871
2024-07-15,0.2746345555927121,0.6588055054123624,-1.083638625033122,-1.3589265536704824,-1.5326107869224508,-1.755857801467134
2024-07-16,0.5912567187981388,0.6200611888001355,-1.0199098953297445,-1.2790081555763195,-1.4424780283404317,-1.6525958978746467
2024-07-17,-1.4120399731959665,0.6004407224693967,-0.9876371001231495,-1.2385367683866364,-1.3968339982042275,-1.6003031520001456
2024-07-18,-0.7714493556740365,0.9497594113443182,-1.562215212480997,-1.9590809018306385,-2.209470787431135,-2.5313122890221385
2024-07-19,-0.6662864594185081,0.972622484324042,-1.5998216209949518,-2.006240855284892,-2.262658248651556,-2.5922472762485023
2024-07-22,1.025714072539774,0.9675180126296609,-1.591425512214778,-1.9957117961453328,-2.250783471777231,-2.578642765701285
2024-07-23,-0.15696404087108817,0.9235530082859963,-1.519109515361164,-1.9050246186035362,-2.1485055773901505,-2.461466610926985
2024-07-24,-2.292321911981965,0.8562958640716989,-1.4084813577618787,-1.766292445836331,-1.9920420629331614,-2.282211913747191
2024-07-25,-0.5224012962329994,1.4559811747891687,-2.3948759161250295,-3.003271016727326,-3.3871187106142684,-3.8805017316038843
2024-07-26,1.113745815557543,1.3530917316622126,-2.2256378424226386,-2.791039644632047,-3.1477620733346283,-3.6062793246584604
2024-07-29,0.05873780491212344,1.2593331590677996,-2.0714187142329257,-2.5976426361279366,-2.9296470173065114,-3.3563926437005063
2024-07-30,-0.5079227231497008,1.1451485452638968,-1.8836017380755228,-2.362112570814337,-2.6640138837356275,-3.0520661872456505
2024-07-31,1.6123894118010185,1.0861101092681853,-1.7864921524984343,-2.2403332327507752,-2.526669943670308,-2.8947161080829042
2024-08-01,-1.4262021983354245,1.0721623704295107,-1.7635501636818685,-2.2115630532124726,-2.4942226510752805,-2.8575423961883994
2024-08-02,-1.8794005625575316,1.2475597297083554,-2.0520531462493867,-2.5733574325999267,-2.9022579249459985,-3.3250139323494787
2024-08-05,-2.955621368722028,1.5185966450231825,-2.497869199442719,-3.132428749127126,-3.532784076675234,-4.047385373285218
2024-08-06,0.9177344398684006,2.0971736614284997,-3.4495437033477665,-4.325866970995808,-4.878755488758636,-5.589417064973918
2024-08-07,-0.6706493759699228,1.9011480871316395,-3.127110326490331,-3.921522508294676,-4.422731810735501,-5.066966916806472
2024-08-08,2.285427478434787,1.7569026239952752,-2.889847653279187,-3.623985544058457,-4.087166684228183,-4.682521857235068
2024-08-09,0.43998243648273316,1.692842529817871,-2.784478175028631,-3.491847967348594,-3.938140620327723,-4.511787983276759
2024-08-12,0.05252032507048199,1.532955568985364,-2.5214875276010336,-3.1620470854859435,-3.566187928908169,-4.085654981618088
2024-08-13,1.631177905256198,1.3879187670385154,-2.2829232178773173,-2.862877816550261,-3.2287818730414353,-3.699100834595869
2024-08-14,0.31498710250081885,1.3247623641114064,-2.1790401794574534,-2.7326042953564134,-3.0818581093598882,-3.530775491408648
2024-08-15,1.6995123183211724,1.2048457071074183,-1.9817948312525482,-2.4852506711208124,-2.8028902492765764,-3.211171911905289
2024-08-16,0.22394696673835313,1.1794842081657113,-1.9400788777333555,-2.4329371824361674,-2.743890580131047,-3.1435780842765664
2024-08-19,0.951572757570851,1.0759219121098735,-1.7697340594504887,-2.2193179079869148,-2.5029686528707606,-2.867562380136885
2024-08-20,-0.1627214875406402,1.0117834192384223,-1.6642356268236809,-2.087018617286749,-2.3537602063350764,-2.6966195568643454
2024-08-21,0.3430772700339091,0.9352395988789719,-1.5383322462847169,-1.9291306986957628,-2.175692652570905,-2.4926138783627434
2024-08-22,-0.7879539401688618,0.8604802909577395,-1.4153641275020958,-1.7749237167662453,-2.0017764955235813,-2.2933643077878636
2024-08-23,1.0569257539537524,0.9097605912712244,-1.4964230082099894,-1.876574823380683,-2.116419617389951,-2.4247068649662755
2024-08-26,-0.23867370393961806,0.8773374971504485,-1.4430917642484422,-1.8096952918787397,-2.040992221312258,-2.338292373447973
2024-08-27,0.1372267958030804,0.8237195181992206,-1.3548980371007073,-1.6990967999833784,-1.9162581499687026,-2.1953889734809584
2024-08-28,-0.5822166247760663,0.7607566877836945,-1.2513333971285987,-1.5692225632883547,-1.7697847032879495,-2.027579542504277
2024-08-29,0.00895182101512404,0.7804705770416827,-1.28375985937592,-1.6098866551465898,-1.8156460676523467,-2.0801212804929894
2024-08-30,0.9500711609878643,0.721290058669051,-1.1864165690858288,-1.487814241944434,-1.67797159455154,-1.9223925213588153
2024-09-03,-2.0793694359302783,0.7094394713813301,-1.166924087604116,-1.4633698837695674,-1.6504030060086152,-1.8908081676001323
2024-09-04,-0.2048861504030164,1.2947250615262464,-2.1296332133564144,-2.6706459666110285,-3.01198089434898,-3.45071964541785
2024-09-05,-0.24353413596447382,1.1862581848979643,-1.9512210779302868,-2.446909950999543,-2.7596492065009257,-3.1616321833916587
2024-09-06,-1.697316765694179,1.0918353066874769,-1.7959092642385692,-2.2521426707930567,-2.5399887445151412,-2.9099749856590873
2024-09-09,1.1133986518941263,1.3544735896524525,-2.2279107965498164,-2.7938900208066713,-3.150976755732449,-3.609962272224546
2024-09-10,0.43462129415692274,1.260801675234953,-2.0738342083767045,-2.6006717632339553,-2.933063296769963,-3.360306553872011
2024-09-11,1.0206681706174336,1.1522748061882497,-1.8953233942035472,-2.3768120004926394,-2.6805920456868564,-3.0710591991991305
2024-09-12,0.8387895979129922,1.081389337744369,-1.778727174335476,-2.2305956368672835,-2.5156877868720455,-2.882134240686626
2024-09-13,0.5209369725192481,1.0092494876306604,-1.6600676802282066,-2.0817918441060703,-2.3478653999263943,-2.6898660863099546
2024-09-16,0.14757015029021048,0.9318487779897298,-1.532754842246704,-1.9221364090195594,-2.1678044236039633,-2.4835766143100897
2024-09-17,0.040859629146527965,0.855369964860165,-1.4069583890855957,-1.7643825816742391,-1.9898880992708337,-2.2797441940020042
2024-09-18,-0.2970358585717925,0.787128641872061,-1.294711401460646,-1.623620330745426,-1.8311350426157234,-2.097866449558898
2024-09-19,1.6920528075937469,0.7517636268201524,-1.2365411281853207,-1.5506724612601612,-1.7488637150342936,-2.0036111085398076
2024-09-20,-0.17301316421134416,0.8234654111648214,-1.3544800682235418,-1.6985726501490455,-1.9156670086094492,-2.194711723799388
2024-09-23,0.24957077902580949,0.770289496182264,-1.2670134715980192,-1.5888860092635984,-1.7919613318396004,-2.0529865190079764
2024-09-24,0.28572465498371,0.715484222161771,-1.176866817849342,-1.4758384686225734,-1.6644651991358006,-1.9069187233386098
2024-09-25,-0.22078883024931883,0.6680808416027662,-1.0988951954071018,-1.3780589084243655,-1.5541884455500108,-1.780578559380286
2024-09-26,0.39568002149561465,0.6417023543448176,-1.0555064449673721,-1.3236476649147235,-1.4928229077970687,-1.710274240029191
2024-09-27,-0.1451524521008274,0.6078060459149829,-0.9997519791062927,-1.2537293153892817,-1.4139683027434902,-1.619933316784768
2024-09-30,0.3999330024163861,0.5828189230037472,-0.9586518193586643,-1.2021880569375134,-1.3558395624805397,-1.5533372814762143
2024-10-01,-0.8998800666687679,0.557713818441989,-0.9173575970652604,-1.1504034362241617,-1.2974363558557205,-1.4864267997949479
2024-10-02,0.042199271965159824,0.7312009856827856,-1.2027185933308213,-1.5082576380299355,-1.7010278585397154,-1.94880726497263
2024-10-03,-0.1829849680571094,0.679605821813471,-1.1178521009072235,-1.4018316327112559,-1.5809995587615466,-1.8112951005270606
2024-10-04,0.9046228707746629,0.6476816033389743,-1.0653414343618566,-1.3359811383942466,-1.506732720982986,-1.7262102194754059
2024-10-07,-0.9081461481495801,0.646547048709505,-1.0634752580645994,-1.3336408780292233,-1.5040933522327369,-1.723186388343185
2024-10-08,0.9412989374939507,0.7902736290279423,-1.2998844449907132,-1.6301075360313086,-1.8384513767996935,-2.106248514049558
2024-10-09,0.6902584366259568,0.7676401857417694,-1.2626557437110513,-1.583421242686927,-1.7857981141286814,-2.0459255391478597
2024-10-10,-0.17515944258317262,0.7299335524325923,-1.200633851152322,-1.505643287232101,-1.6980793678926396,-1.9454292838508758
2024-10-11,0.5970516819446381,0.6900868023246632,-1.135091779715066,-1.423450885446928,-1.6053819654916222,-1.8392291588286576
2024-10-14,0.8144974640886815,0.6586371310867315,-1.0833616739129226,-1.3585792457925483,-1.5322190896679764,-1.7554090478201214
2024-10-15,-0.7799968636835963,0.6470727324874644,-1.0643399309334056,-1.3347252126907192,-1.5053162755720106,-1.7245874482236077
2024-10-16,0.4337078571955644,0.751218890434576,-1.235645116565773,-1.5495488265409174,-1.7475964687017953,-2.00215926937863
2024-10-17,0.008567303132878124,0.703408451076621,-1.157003941981697,-1.4509296209447065,-1.636372754744458,-1.8747342065208272
2024-10-18,0.38392071411914586,0.6561391258866771,-1.0792528209994694,-1.353426578473176,-1.5264078605814868,-1.7487513288384386
2024-10-21,-0.16434483217908635,0.6200577083569767,-1.0199041705101912,-1.27900097642164,-1.4424699316188885,-1.6525866217480467
2024-10-22,-0.053133973930297174,0.5957836258099087,-0.9799768577917272,-1.2289305154613104,-1.385999971291225,-1.5878909917577533
2024-10-23,-0.9179426886507969,0.5659103290554348,-0.930839657276133,-1.167310483643387,-1.3165042908958635,-1.508272256439119
2024-10-24,0.21602843409755934,0.7424368320175588,-1.2211999159264426,-1.5314339621678579,-1.7271663457736648,-1.978753202401688
2024-10-25,-0.03453277453662196,0.6903541135793754,-1.1355314676019042,-1.4240022717956136,-1.606003824460729,-1.8399416005859748
2024-10-28,0.30867645929850696,0.6462655228849189,-1.0630121892909485,-1.3330601711052055,-1.5034384252292234,-1.7224360617121037
2024-10-29,0.16168706970498548,0.608991112707135,-1.0017012405175438,-1.2561737678392055,-1.4167251803560097,-1.6230917736512716
2024-10-30,-0.3029709804262204,0.5745067706044482,-0.9449795453369041,-1.185042473725526,-1.336502604417727,-1.5311836146999211
2024-10-31,-1.9797856315194373,0.5772254307500853,-0.9494513433379036,-1.1906502888271915,-1.3428271536677694,-1.5384294263803604
2024-11-01,0.42115695767002137,1.1886503393172112,-1.955155821803013,-2.451844278557659,-2.765214189848518,-3.1680077873670984
2024-11-04,-0.21561208735390025,1.0893905124345817,-1.7918879355445447,-2.247099762375889,-2.5343013026024512,-2.903459085250452
2024-11-05,1.2018971894755204,1.001879664232057,-1.6479453994810223,-2.0665900149927037,-2.3307206269309972,-2.6702239281865596
2024-11-06,2.4561683531313605,0.9668510882813037,-1.5903285192814804,-1.994336122750338,-2.249231973737284,-2.576865269444149
2024-11-07,0.770242602775717,1.0902427686968985,-1.7932897723487085,-2.2488577222834483,-2.53628394714643,-2.905730530760157
2024-11-08,0.43223871770354805,1.0137104165791035,-1.6674052553886263,-2.0909934593814046,-2.3582430725018524,-2.7017554175792973
2024-11-11,0.09523723239217574,0.9337318718634896,-1.5358522560348482,-1.9260206908707025,-2.172185155033804,-2.48859546288068
2024-11-12,-0.31111784923814056,0.8584053558725807,-1.4119511630015835,-1.7706437215913418,-1.9969494746994494,-2.2878341612926043
2024-11-13,0.0485651515410801,0.8161245858898832,-1.3424054851452427,-1.6834306358367561,-1.8985896953373913,-2.1751468518875487
2024-11-14,-0.6450883465471513,0.7550899322269439,-1.24201241369803,-1.5575336740244312,-1.7566018585457934,-2.0124764250112017
2024-11-15,-1.2891236934423844,0.7914452890189322,-1.3018116541764468,-1.6325243341007676,-1.8411770655288318,-2.1093712389189543
2024-11-18,0.40890098644670303,1.0117823057651385,-1.6642337953231114,-2.0870163205111454,-2.35375761600887,-2.696616589219515
2024-11-19,0.3648712043249347,0.9320018747298493,-1.5330066639749642,-1.9224522036261915,-2.168160579879863,-2.483984649918945
2024-11-20,0.03386364663642283,0.8612302429121823,-1.4165976886944005,-1.7764706522676899,-2.003521144658432,-2.295363090401421
2024-11-21,0.5353983406051199,0.7955293988197806,-1.3085294169952404,-1.640948679694244,-1.8506781256813847,-2.120256266437629
2024-11-22,0.30946948639432037,0.7476543564406436,-1.2297819798974614,-1.5421962166188374,-1.739304122623064,-1.992659022689095
2024-11-25,0.33863079232467896,0.6981982759735068,-1.1484339665662875,-1.4401825260301566,-1.6242520749699478,-1.8608479737455157
2024-11-26,0.5207896253581978,0.6559327998486376,-1.0789134448674655,-1.3530009871119897,-1.5259278744415343,-1.7482014257478282
2024-11-27,-0.30346597241051043,0.6265989037082256,-1.0306634794082912,-1.292493583849069,-1.457687027517952,-1.670020308616255
2024-11-29,0.6192849565569425,0.6198288357512125,-1.0195277085744903,-1.2785288779664425,-1.4419374943190426,-1.6519766272245164
2024-12-02,0.17908603149043856,0.6015241048709573,-0.9894191055957319,-1.2407714751417636,-1.3993543225508713,-1.6031905981828571
2024-12-03,0.04635721159145234,0.5686918290853046,-0.93541481768863,-1.1730479193790817,-1.3229750275769954,-1.5156855498726203
2024-12-04,0.6190403582256643,0.5391336255515731,-0.8867958994000019,-1.1120778343831426,-1.2542123636258327,-1.4369066054866435
2024-12-05,-0.16469558453842126,0.5358131831878283,-0.881334257734913,-1.105228715392856,-1.24648785959206,-1.4280569152809524
2024-12-06,0.18939443200673978,0.525232938925046,-0.8639313045852429,-1.0834047100454578,-1.2218745308445034,-1.3998582978170526
2024-12-09,-0.5163033532133987,0.5037034109050309,-0.8285183823349678,-1.0389954768589829,-1.1717893591060387,-1.342477493580775
2024-12-10,-0.3113962224765565,0.5705512060987475,-0.9384732207130618,-1.1768832801586955,-1.327300585339259,-1.5206411879298325
2024-12-11,0.7700935315360091,0.5750671677815862,-0.9459013166662528,-1.1861984121600995,-1.3378062831993804,-1.5326771932254708
2024-12-12,-0.5165810693583239,0.5766072510324414,-0.9484345281872292,-1.1893751616062662,-1.3413890525958534,-1.5367818450061665
2024-12-13,-0.019874435377698063,0.6241862341286086,-1.0266949910996226,-1.2875169394069097,-1.452074318770647,-1.6635900273436643
2024-12-16,0.42609954340724343,0.5893347200459017,-0.9693693517559319,-1.2156282749474847,-1.3709975730772375,-1.5707032764098516
2024-12-17,-0.41286661647275125,0.565721808024325,-0.9305295677743555,-1.1669216188980325,-1.3160657253959291,-1.5077698075061712
2024-12-18,-3.0256623579941078,0.5915277553070943,-0.9729765737593371,-1.2201518768680621,-1.3760993359948095,-1.576548185173702
2024-12-19,-0.030704645349466375,1.7191884892596285,-2.827813421971922,-3.5461921153151783,-3.999430487064622,-4.582005609029585
2024-12-20,1.193933126116864,1.550724153864059,-2.5507142488845505,-3.1986985730865105,-3.6075238385654353,-4.133012066712207
2024-12-23,0.5970360891119242,1.4343698016637347,-2.359328370656258,-2.958692960593672,-3.3368431386888115,-3.822902792628779
2024-12-24,1.1053748206389713,1.3076516158681049,-2.1508955031496058,-2.69730973580892,-3.042052556560836,-3.4851716818698444
2024-12-26,0.0066624416308336265,1.2196125389261572,-2.0060841081281833,-2.515710404239633,-2.8372430370844177,-3.2505286820580466
2024-12-27,-1.0582308699819798,1.110672765322518,-1.826894126396965,-2.290998937980447,-2.583811226363101,-2.960180848288375
2024-12-30,-1.1477325916349201,1.1716228864480984,-1.9271481541935076,-2.416721533445311,-2.725602411066127,-3.1226259778440713
2024-12-31,-0.364457913128291,1.24100035042362,-2.041263927442339,-2.5598273169400043,-2.8869985268919267,-3.30753178140316
2025-01-02,-0.24601731291777895,1.1510322294221822,-1.8932795373031155,-2.3742489214829607,-2.677701379868783,-3.067747465932336
2025-01-03,1.2425951027439375,1.0623202769122178,-1.7473613604631537,-2.1912616408616667,-2.471326517745215,-2.831311108588137
2025-01-06,0.5744137498315816,1.0186343237580966,-1.6755043619707655,-2.1011500657824915,-2.3696977934996775,-2.7148786850124127
2025-01-07,-1.136839135071277,0.9423269870904565,-1.5499899624899904,-1.9437499451313691,-2.192180383069194,-2.5115032862091033
2025-01-08,0.14598728420853746,1.0678830196984321,-1.7565112581108566,-2.2027359816516605,-2.4842673925997607,-2.8461370097660814
2025-01-10,-1.538522989081681,0.9765109115382133,-1.6062175146013185,-2.0142615639006234,-2.271704083034606,-2.6026107677544914
2025-01-13,0.1549346330506296,1.224451784607408,-2.014043958938698,-2.525692378285024,-2.8485008059869568,-3.263426308463463
2025-01-14,0.13749835135961064,1.1149643925939021,-1.8339532250798252,-2.2998513325181795,-2.5937950443420617,-2.971618954320492
2025-01-15,1.802652030354679,1.0184719691631379,-1.6752373124263953,-2.1008151748801125,-2.3693201002328546,-2.71444597523719
2025-01-16,-0.19250258231098272,1.0356978805876451,-1.7035714153105408,-2.136347282996432,-2.4093935626536727,-2.760356719324204
2025-01-17,0.9989888126205493,0.95774822070827,-1.575355634538317,-1.9755595212223973,-2.2280555371110817,-2.5526041773425745
2025-01-21,0.9111841536098453,0.9118259790584071,-1.4998202688027982,-1.880835125221774,-2.1212244278777335,-2.4302115658672037
2025-01-22,0.5605624445609081,0.8669946334962207,-1.426079267453721,-1.788360934552861,-2.016931122438751,-2.3107264261576277
2025-01-23,0.5443283116489006,0.8099287076458787,-1.332214172343442,-1.6706503184290913,-1.8841759271566354,-2.1586335090840967
2025-01-24,-0.2923446107859107,0.7608900541235014,-1.2515527652363432,-1.5694976597455648,-1.7700949597890279,-2.0279349923696457
2025-01-27,-1.4246366989866033,0.7308834920533331,-1.2021963627828824,-1.507602739854162,-1.7002892579098172,-1.9479610764365443
2025-01-28,0.8555640495708339,1.0303315523770482,-1.6947445908899286,-2.1252780890671454,-2.396909616429545,-2.7460543050662785
2025-01-29,-0.4493100917667192,0.9663629127322473,-1.589525541959026,-1.9933291567929872,-2.248096307586578,-2.5755641770287783
2025-01-30,0.5352829859615937,0.927115499921108,-1.5249692926481617,-1.9123730157259191,-2.156793172231781,-2.4709614142927476
2025-01-31,-0.5336161731915645,0.8616614555571697,-1.4173069703774952,-1.7773601201132643,-2.004524295278358,-2.296512364474834
2025-02-03,-0.6752291637566188,0.8543409535661131,-1.4052658161264004,-1.7622600268989284,-1.9874942610345518,-2.2770016584682002
2025-02-04,0.668592614673269,0.8774435497421392,-1.443266205238532,-1.8099140479178895,-2.041238936533474,-2.338575026323452
2025-02-05,0.40464052650461824,0.8244802792046307,-1.3561493775996993,-1.70066603145269,-1.9180279447162916,-2.197416564530862
2025-02-06,0.34694855623236265,0.7682048978180259,-1.2635846124178651,-1.5845860815191752,-1.787111830866726,-2.0474306178038995
2025-02-07,-0.919552865124551,0.7177005969516164,-1.180512429961103,-1.4804102132878239,-1.669621257916235,-1.9128258369461215
2025-02-10,0.6768132786953984,0.8423850359354401,-1.385600081648055,-1.7375984024766353,-1.9596806374722284,-2.245136576781648
2025-02-11,0.07601405909696268,0.7946621686770929,-1.307102950349639,-1.639159832971866,-1.8486606466826392,-2.1179449123290253
2025-02-12,-0.32265907611721545,0.737403499317893,-1.2129208203797437,-1.521051642343811,-1.715457062948457,-1.965338292514807
2025-02-13,1.050212466938305,0.716116528962776,-1.1779068699843211,-1.4771427359592804,-1.6659361647180602,-1.9086039564162698
2025-02-14,-0.004915336877786558,0.7158099032238353,-1.177402515525508,-1.476510255120456,-1.6652228465821493,-1.907786733136521
2025-02-18,0.29314663077091296,0.6700563029242338,-1.1021445401266203,-1.3821337177928923,-1.5587840557954569,-1.7858435869860048
2025-02-19,0.23522760284260258,0.6322456155497835,-1.0399514938612275,-1.3041411286849545,-1.4708232436058817,-1.6850700053145704
2025-02-20,-0.41690424344764665,0.5986431408056151,-0.9846803414037368,-1.2348288736662134,-1.3926521979222743,-1.595512211787602
2025-02-21,-1.7252150441072978,0.6202964401111886,-1.020296849301975,-1.2794934114686114,-1.4430253047277652,-1.6532228930142203
2025-02-24,-0.45606580502868255,1.0943337239054785,-1.8000187948612372,-2.2572961879871256,-2.545800932098706,-2.916633802756862
2025-02-25,-0.4985563759225542,1.0354253361154955,-1.70312311954702,-2.135785102023114,-2.4087595294003057,-2.7596303299213543
2025-02-26,0.05045193024182382,0.991966682503545,-1.6316399955309755,-2.0461423806207146,-2.3076595829614677,-2.643803708317701
2025-02-27,-1.6090694407467687,0.9105554448970525,-1.4977304260793283,-1.8782143781347722,-2.11826872343257,-2.4268253201529264
2025-02-28,1.5485199007902573,1.199878359522788,-1.9736242715616403,-2.4750044596386545,-2.7913344707834495,-3.1979328664853317
2025-03-03,-1.7675268140930456,1.1618648461427403,-1.9110976062053007,-2.396593498731275,-2.7029018147469523,-3.096618710059523
2025-03-04,-1.1907507261229355,1.4224651940552122,-2.3397470336539454,-2.934137174011222,-3.309148880087435,-3.791174463142908
2025-03-05,1.0690354858783557,1.4458710059307853,-2.378246168209226,-2.982416641937076,-3.3635989407843745,-3.853555965792424
2025-03-06,-1.7910329035776051,1.3382767334949304,-2.201269338953905,-2.7604805581691947,-3.113297233844252,-3.5667941808686225
2025-03-07,0.5589106079687767,1.551183896776663,-2.551470458681812,-3.199646890680499,-3.608593360512777,-4.134237380060583
2025-03-10,-2.699659929296594,1.4112410404356854,-2.3212849438634064,-2.910984968586793,-3.283037594176741,-3.761259689304799
2025-03-11,-0.8347814223819583,1.9264588282200574,-3.1687427907704446,-3.9737312981052604,-4.48161339945694,-5.134425463882815
2025-03-12,0.5292522932692556,1.8007471820437184,-2.9619655336072532,-3.714424275484484,-4.189164378632439,-4.7993769968305555
2025-03-13,-1.3419953983158095,1.6318068843885287,-2.6840834722708533,-3.365948959807007,-3.796150476342462,-4.349114913130491
2025-03-14,2.0445277681773177,1.6469860011438129,-2.709050897519702,-3.3972591183447824,-3.8314623823359346,-4.389570510958964
2025-03-17,0.7681526477030687,1.576875476352614,-2.5937293465294275,-3.2526412409169096,-3.6683609120400416,-4.202710943289554
2025-03-18,-1.0867062696459762,1.4413144254553338,-2.3707512602876832,-2.973017725031924,-3.3529987494824116,-3.8414117027131005
2025-03-19,1.0831797436465784,1.4376902168035706,-2.364789967542001,-2.9655420234288528,-3.344567579390302,-3.8317524102769207
2025-03-20,-0.28957726501657177,1.337953897128206,-2.2007383203851862,-2.759814639460823,-3.1125462041488596,-3.5659337527931836
2025-03-21,0.03297563774022905,1.2306836408271298,-2.0242944502443474,-2.538546907923989,-2.862998271455035,-3.2800355402794166
2025-03-24,1.7750193730790897,1.1213181870189421,-1.844404286884756,-2.312957385654979,-2.608576180494846,-2.9885531775752625
2025-03-25,0.24007823092286884,1.1142223741573785,-1.8327327133632443,-2.2983207615857553,-2.5920688513297554,-2.9696413162317103
2025-03-26,-1.2010067262382407,1.0189308831314,-1.6759921587315498,-2.1017617825999904,-2.3703876937672885,-2.715669079271317
2025-03-27,-0.2659175998708463,1.141547511888815,-1.8776785652677461,-2.354684673151294,-2.655636627399156,-3.0424686618864425
2025-03-28,-2.0343823330424726,1.056533386376468,-1.7378427725766548,-2.1793249476379324,-2.4578641972500668,-2.8158878056406724
2025-03-31,0.6690341369994357,1.4528953756552674,-2.389800228227588,-2.9969058993324325,-3.3799400683594,-3.87227741587108
2025-04-01,0.28204874356632104,1.3293870544634463,-2.186647118156534,-2.7421437033763225,-3.092616747928454,-3.5431012818996015
2025-04-02,0.6308384306951353,1.2118085417780324,-1.9932476751143713,-2.4996129993724447,-2.819088224909857,-3.2297293578833264
2025-04-03,-5.053641993379987,1.1151961889472832,-1.8343344961523982,-2.300329461825032,-2.59433428329596,-2.9722367412577473
2025-04-04,-6.0326675171205935,2.8390934116562385,-4.669893095416793,-5.856234341933275,-6.604718922409848,-7.566792133636295
2025-04-07,-0.17827202215734417,4.115293093783677,-6.769054771278427,-8.488667771194448,-9.57360333977861,-10.968137674443142
2025-04-08,-1.578679439578412,3.7035787419288693,-6.091844926362071,-7.639419304588918,-8.615812532629077,-9.870830729159252
2025-04-09,9.986284608912044,3.4454733722043422,-5.667299372835032,-7.107022052771696,-8.015369654491899,-9.18292462742183
2025-04-10,-4.4808164846050325,3.983764339368182,-6.55270922252969,-8.217361724906107,-9.267621701568885,-10.617585367790593
2025-04-11,1.768539500640376,4.326356357847549,-7.116222946690102,-8.924030669173318,-10.06460991542172,-11.530666487218774
2025-04-14,0.9654795728337717,3.911693918899784,-6.434163930026328,-8.068701145563498,-9.099960832130996,-10.425502258291917
2025-04-15,-0.28047392406680416,3.527946165097435,-5.802955045350053,-7.277139738943186,-8.207230060904955,-9.402732287832135
2025-04-16,-2.2478915868915372,3.1827006092765515,-5.235076640669196,-6.56499730921643,-7.404068796098994,-8.482578922947125
2025-04-17,0.14259098046638385,3.1182041516720083,-5.128989408452841,-6.431959640076679,-7.254027599067499,-8.310682046977567
2025-04-21,-2.4090503650422868,2.8113774770528632,-4.624304439860081,-5.799064328654855,-6.540242016868231,-7.492923230601205
2025-04-22,2.568499541701641,2.8522892637821213,-4.691598340646767,-5.883453595119308,-6.635417064949053,-7.601961906371779
2025-04-23,1.5376643965653969,2.6501691294677325,-4.359140304639825,-5.466537805413897,-6.165215320185926,-7.063268450178866
2025-04-24,2.08305470155139,2.4190263507413174,-3.97894426670804,-4.989756635372066,-5.627496808295837,-6.44722342938698
2025-04-25,0.7199174694128452,2.2376204723364745,-3.6805581496635167,-4.6155684066292615,-5.205483628730219,-5.963737902608071
2025-04-28,0.0381229416225537,2.0226755349331773,-3.327005189780846,-4.172198731338598,-4.705446930566217,-5.390863598849464
2025-04-29,0.6279694536599045,1.820728755264518,-2.9948322967916816,-3.7556405224811744,-4.235648469014637,-4.8526321699235115
2025-04-30,0.03967340036314937,1.6460278686390066,-2.7074749097940716,-3.3952827661558294,-3.8292334328203292,-4.387016882582179
2025-05-01,0.7061921549296635,1.481912427896097,-2.437529031849357,-3.0567597446257038,-3.447443826150786,-3.9496140761358562
2025-05-02,1.4735143881567936,1.3446547264055915,-2.2117602037256767,-2.773636525832207,-3.128134664092616,-3.583792898271381
2025-05-05,-0.575079865633743,1.2715173069528751,-2.091459854073005,-2.622775034019046,-2.9579915838359563,-3.3888660079066057
2025-05-06,-0.8393668386905695,1.1996872104080467,-1.9733098592469696,-2.474610173911534,-2.7908897914467463,-3.1974234131465167
2025-05-07,0.41968397269700475,1.1919025721643168,-1.9605052687972653,-2.45855270090438,-2.7727800148182684,-3.17667568459908
2025-05-08,0.6943627636357697,1.0852190799951056,-1.7850265397668892,-2.23849529525733,-2.5245970996151708,-2.892341324193548
2025-05-09,-0.12749277843102647,1.0002707221866365,-1.6452989253220573,-2.0632712296290774,-2.326977668024178,-2.6659357529673926
2025-05-12,3.2513073241944745,0.9162515299469316,-1.507099652233046,-1.8899637657198094,-2.131519798778712,-2.442006607028163
2025-05-13,0.6582229834052988,1.183279387117752,-1.9463213915975495,-2.440765546667324,-2.7527194866177314,-3.1536930491883024
2025-05-14,0.12771384418934772,1.0894385647898164,-1.791966974635336,-2.2471988805844627,-2.534413089096894,-2.903587155070944
2025-05-15,0.48724526983479066,0.9964407285131145,-1.6389991463369635,-2.055371052626031,-2.3180677703841903,-2.655727999364887
2025-05-16,0.6314102279206146,0.9245516718273827,-1.5207521707093177,-1.9070845746807448,-2.1508288161965368,-2.464128263198829
2025-05-19,0.10932163119026228,0.8624615968359063,-1.4186230856618989,-1.7790105817767297,-2.0063857022410794,-2.2986449123892085
2025-05-20,-0.33677927027300214,0.7977972890010031,-1.3122597643853517,-1.6456266858170723,-1.8559540271830297,-2.126300679598806
2025-05-21,-1.6994383379737243,0.770019739369763,-1.266569761126582,-1.58832957843154,-1.7913337836523304,-2.0522675593152635
2025-05-22,0.03945692246958288,1.1671643991491016,-1.9198145951890355,-2.407524954591561,-2.715230418616668,-3.1107431540935537
2025-05-23,-0.6849289817504989,1.0710579182212803,-1.7617335014613662,-2.2092848854972758,-2.491653311028684,-2.8545987944573312
2025-05-27,2.0577493615418163,1.0583562213959579,-1.7408410693697967,-2.183084932778607,-2.462104745622384,-2.820746051455961
2025-05-28,-0.5802215424402846,1.078971916095189,-1.774750869567951,-2.2256091902703736,-2.510064023157815,-2.875691294130659
2025-05-29,0.3939716947836125,1.0464144072292656,-1.7211985330253323,-2.1584523997520972,-2.4343239316235086,-2.7889185585221656
2025-05-30,-0.11192921280187562,0.9665321521865863,-1.5898039160893187,-1.9936782491829879,-2.2484900174313833,-2.5760152364291264
2025-06-02,0.5617305162378017,0.8977645622416848,-1.4766912963517358,-1.8518304606622207,-2.0885126807601493,-2.3927348778090654
2025-06-03,0.5686288008742046,0.8398424653887445,-1.3814179252625427,-1.7323538096459752,-1.9537657338863241,-2.238360081604362
2025-06-04,-0.02683763078676904,0.7893756785190356,-1.298407447839315,-1.628255322016079,-1.8363624315423046,-2.103855283584053
2025-06-05,-0.48445882397398776,0.7372982765914443,-1.212747744396507,-1.5208345980783247,-1.7152122782824823,-1.9650578514079726
2025-06-06,1.021661208921465,0.7465091155290676,-1.2278982262303224,-1.5398339135228483,-1.7366398938631549,-1.989606710325841
2025-06-09,0.09008769765985747,0.7333753489653307,-1.2062951026624258,-1.5127427250210155,-1.7060861839394568,-1.9546024089134673
2025-06-10,0.5653754979559444,0.6874154507999711,-1.130697797470814,-1.417940654443591,-1.599167472551339,-1.8321094347575058
2025-06-11,-0.2856194072335505,0.6577472174096868,-1.081897896173562,-1.356743609453332,-1.5301488408773036,-1.7530372372331815
2025-06-12,0.3966452380753438,0.6474931726160801,-1.065031493403875,-1.3355924599288047,-1.506294365571377,-1.7257080112331982
2025-06-13,-1.1242927662180158,0.617676755383462,-1.0159878513761047,-1.2740897542290983,-1.4369310067307612,-1.6462408720250608
2025-06-16,0.946911814478657,0.8517776214244953,-1.401049509956179,-1.756972608860518,-1.9815310587564388,-2.2701698291928913
2025-06-17,-0.8581750648374964,0.8172457943301424,-1.3442497089147716,-1.6857433668463644,-1.901198016208745,-2.1781351125664994
2025-06-18,-0.015075043315082581,0.8982314704295747,-1.47745929197804,-1.8527935581613113,-2.0895988716304195,-2.3939792881510256
2025-06-20,-0.2351194621375896,0.8337473232633956,-1.371392308630878,-1.71978128192044,-1.939586312961042,-2.2221152221368534
2025-06-23,0.982881092575294,0.7907089600585279,-1.3006005008152963,-1.631005498923603,-1.8394641082172003,-2.107408764502832
2025-06-24,1.0986736854918355,0.767562484304873,-1.2625279362207527,-1.5832609669378788,-1.7856173535561475,-2.045718448173302
2025-06-25,0.05601062999573969,0.7559972019503751,-1.243504739593239,-1.5594051109028166,-1.7587124835380794,-2.0148944931797796
2025-06-26,0.7793534795984769,0.7073498221119017,-1.1634869204242402,-1.4590595374583188,-1.6455417548731894,-1.8852388046517163
2025-06-27,0.49560298346520426,0.6853938790944435,-1.1273726079188342,-1.4137707325953046,-1.5944645935119637,-1.8267215131004846
2025-06-30,0.4769712304524276,0.6537276566841511,-1.0752863071354128,-1.348452410064216,-1.5207979443288755,-1.7423242468279405
2025-07-01,-0.03236320793869041,0.6259463576738479,-1.0295901366968923,-1.29114756878647,-1.4561689784381637,-1.6682811336460013
2025-07-02,0.4523032166476426,0.5968423482414719,-0.9817183012232186,-1.231114355780491,-1.3884629279690912,-1.5907127138377544
2025-07-03,0.7850588492424926,0.5763212910919884,-0.9479641659420123,-1.1887853083746596,-1.3407238102963197,-1.536019700506422
2025-07-07,-0.7480020512419472,0.5759395342011907,-0.94733623173557,-1.187997853546657,-1.339835710965012,-1.535002236612353
2025-07-08,-0.054786626906544456,0.6936889750157054,-1.1410168265308323,-1.430881133191594,-1.613761872273356,-1.8488297207089643
2025-07-09,0.5978718557821949,0.6564763391652992,-1.0798074874838672,-1.3541221526218514,-1.527192335975308,-1.7496500744639119
2025-07-10,0.28162422498709816,0.6330519338663926,-1.0412777694687794,-1.3058043318035517,-1.4726990205075252,-1.6872190163581222
2025-07-11,-0.35215191372728327,0.603242482738552,-0.992245585663718,-1.2443159951773883,-1.403351867249949,-1.607770443311498
2025-07-14,0.19063975979420889,0.6143971030198073,-1.0105933032906074,-1.2673247732944157,-1.4293013944269801,-1.6374998959076574
2025-07-15,-0.4282421636416345,0.5861890790512666,-0.9641952327568192,-1.2091397209800305,-1.3636797178368725,-1.5623194692988474
2025-07-16,0.33376150794746096,0.6160200464987408,-1.0132628077582684,-1.2706724395942726,-1.4330769255388853,-1.6418253879465283
2025-07-17,0.6101040721242512,0.5903338508742197,-0.9710127757226898,-1.2176891949034319,-1.3733218989555838,-1.5733661741014708
2025-07-18,-0.07326812474746092,0.5784874023198902,-0.9515271018516068,-1.1932533737469384,-1.345762938546285,-1.5417928509538765
2025-07-21,0.18943796948640568,0.5592066190590831,-0.919813035574603,-1.1534826551760968,-1.3009091293976642,-1.490405433227768
2025-07-22,0.014311092236773959,0.5394711145261555,-0.8873510193638999,-1.1127739772134062,-1.2549974803843646,-1.4378060859009103
2025-07-23,0.8471458892609363,0.5223979489021027,-0.8592681609636335,-1.077556939815977,-1.2152793578317023,-1.3923024420933656
2025-07-24,0.033109479142545695,0.5381075504270446,-0.8851081560098966,-1.1099613360823128,-1.2518253559412797,-1.4341718954736071
2025-07-25,0.42153555099133655,0.5211716313245599,-0.8572510480484179,-1.075027398842708,-1.2124265165422867,-1.3890340430470387
2025-07-28,-0.025103506196888503,0.5129259849724662,-0.8436881667396173,-1.0580189985060675,-1.193244274681001,-1.3670576291334962
2025-07-29,-0.2641133326156897,0.5014685674608388,-0.8248423919901197,-1.0343856366638737,-1.1665903358108283,-1.3365211570530675
2025-07-30,-0.1260124634700155,0.5183961464664912,-0.8526857817130747,-1.0693023706789269,-1.2059697732432861,-1.3816367813349595
2025-07-31,-0.37582800219579937,0.5131227105971359,-0.8440117515968696,-1.0584247869716383,-1.1937019269197207,-1.367581945065872
2025-08-01,-1.6526177634515804,0.5484765024993135,-0.902163564433654,-1.1313495063222125,-1.2759471455506337,-1.4618073739867021
2025-08-04,1.508535538485578,1.037150390014702,-1.7059605807098166,-2.1393433927946477,-2.412772604871331,-2.764227968104383
2025-08-05,-0.5082764440420995,1.0095545296374069,-1.6605694296793763,-2.082421058160214,-2.3485750337502824,-2.690679088604138
2025-08-06,0.7630493093452984,0.9769963237696241,-1.607015946670721,-2.0152628299272752,-2.272833320747182,-2.6039044953363772
2025-08-07,-0.08379749990243823,0.9158764606194585,-1.5064827180893934,-1.8891901054143274,-2.1306472570461272,-2.4410069669229664
2025-08-08,0.7767328747427804,0.8519078186201875,-1.4012636652857324,-1.7572411682835738,-1.9818339427258433,-2.270516832610299
2025-08-11,-0.19794975605833542,0.8081813327433928,-1.3293399963974442,-1.6670459858382167,-1.8801109252670851,-2.153976380645716
2025-08-12,1.0589747830358043,0.7668141924092162,-1.2612971055821633,-1.5817174556609537,-1.7838765662955243,-2.043724089972028
2025-08-13,0.3417301824057972,0.751142015033241,-1.2355186677830636,-1.5493902546660014,-1.7474176297753334,-2.001954379965797
2025-08-14,0.009305657202052231,0.7069416749319137,-1.162815578054907,-1.4582176470428097,-1.6445922625487286,-1.8841510049836185
2025-08-15,-0.23440349614380906,0.666274591478053,-1.095924178338286,-1.3743331331585578,-1.5499864794123983,-1.7757645158623994
2025-08-18,-0.02175594393598601,0.6486592501086088,-1.0669495201967674,-1.3379977429071899,-1.5090070674670881,-1.7288158575483108
2025-08-19,-0.5439995209500559,0.6181611806387581,-1.0167846600142656,-1.2750889844074778,-1.4380579483935512,-1.6475319691041705
2025-08-20,-0.2660619942930431,0.668523891533292,-1.0996239476922478,-1.3789727931904263,-1.5552191338139834,-1.7817593823554467
2025-08-21,-0.4019891234610107,0.6553491927291593,-1.077953496580277,-1.351797173232089,-1.5245702012598608,-1.7466459877538993
2025-08-22,1.524006767331798,0.6655621532172642,-1.0947523216810484,-1.3728635776334706,-1.548329100179027,-1.7738657152786266
2025-08-25,-0.4410775275590417,0.7065125673454067,-1.1621097588848885,-1.457332521328323,-1.6435940090271233,-1.8830073413420017
2025-08-26,0.41782951046389627,0.7158737545873679,-1.1775075416724001,-1.4766419621457916,-1.6653713870659579,-1.9079569106985965
2025-08-27,0.2275921406956094,0.6783934093099877,-1.1158578598035078,-1.3993307739123388,-1.578179065511608,-1.808063761481852
2025-08-28,0.35352017266330193,0.6426325559465946,-1.0570364904458511,-1.325566403672273,-1.494986880315792,-1.7127534265660356
2025-08-29,-0.5981630225623036,0.6137787723049175,-1.0095762397715653,-1.2660493346095374,-1.427862942082942,-1.6358519120934565
2025-09-02,-0.743788819356439,0.6791429984739389,-1.1170908242585564,-1.4008769610811898,-1.5799228706695696,-1.8100615771810318
2025-09-03,0.5404926745351091,0.7661304522886498,-1.2601724531649574,-1.5803070961572547,-1.7822859489196483,-2.0419017760796736
2025-09-04,0.8322820718337454,0.7253805884213522,-1.1931448917850542,-1.496251830053996,-1.6874875897445067,-1.9332946594233962
2025-09-05,-0.2900635192256473,0.7022773865636988,-1.155143506415301,-1.4485965596877848,-1.6337415052194184,-1.8717196772968585
2025-09-08,0.2453814377465946,0.6878265428104359,-1.1313739836552374,-1.4187886191986407,-1.6001238155759188,-1.833205083029667
2025-09-09,0.23090625859198965,0.6513811003454842,-1.0714265654309105,-1.34361213825091,-1.5153390379791007,-1.7360701715052829
2025-09-10,0.2886683795347622,0.6193940219476828,-1.0188125035127058,-1.2776319819650208,-1.4409259661515976,-1.6508177552921464
2025-09-11,0.8275831003020429,0.5909593865908586,-0.9720416904149909,-1.218979495437696,-1.3747771126401231,-1.5750333607887907
2025-09-12,-0.03346689385486101,0.59009507300596,-0.9706200210800471,-1.217196664736423,-1.3727664185693897,-1.572729779931481
2025-09-15,0.530992342128922,0.5684992276200513,-0.935098016469952,-1.172650637869959,-1.3225269695677664,-1.515172225708568
2025-09-16,-0.13778345688111315,0.5568508208261058,-0.9159380923067245,-1.1486233199890312,-1.2954287231867083,-1.4841267262769715
2025-09-17,-0.12432077551656207,0.5481101922253551,-0.9015610376509439,-1.130593913428597,-1.2750949804235714,-1.4608310786354894
2025-09-18,0.4661563154354731,0.5395605644803307,-0.8874981514454557,-1.1129584867795144,-1.2552055720950934,-1.4380444891907875
2025-09-19,0.49406496408188616,0.5307252407364698,-0.8729653371400755,-1.0947337513345778,-1.2346515354871,-1.4144964587072903
2025-09-22,0.47198519222897417,0.5243565704517034,-0.8624898067233194,-1.0815970135713984,-1.2198357929096664,-1.3975225880996371
2025-09-23,-0.5458344535399284,0.5173847796589036,-0.8510222313514358,-1.067216211411828,-1.2036169822205793,-1.3789412721373913
2025-09-24,-0.3186705609681262,0.5956525533618614,-0.9797612628001631,-1.2286601506440118,-1.3856950511803647,-1.587541655605322
2025-09-25,-0.4624172513464586,0.6049673500657222,-0.9950827399428241,-1.2478739011043936,-1.407364508689514,-1.612367584240082
2025-09-26,0.5712795234045664,0.64057107332461,-1.0536456532781824,-1.3213141570654514,-1.490191154600766,-1.7072591337669265
2025-09-29,0.28064247447199264,0.6194257058710504,-1.018864618928973,-1.2776973367995432,-1.4409996739793651,-1.650902199735262
2025-09-30,0.37597898827215204,0.59417134457966,-0.9773248911624868,-1.2256048423183725,-1.3822492442788799,-1.5835939168956978
2025-10-01,0.34017768166521023,0.57437386821719,-0.944760940363192,-1.1847683342691802,-1.3361934272316742,-1.5308294013674828
2025-10-02,0.11510488920176698,0.5567583006993149,-0.9157859102406064,-1.1484324775385473,-1.2952134891864422,-1.4838801403193802
2025-10-03,-0.0014767471260057619,0.5391640224112888,-0.8868458977849533,-1.1121405343749862,-1.25428307729581,-1.4369876196294116
2025-10-06,0.3579813724412517,0.5250585549083947,-0.8636444684029717,-1.0830450059008867,-1.2214688529581001,-1.3993935270560727
2025-10-07,-0.3714382034843311,0.5152539138172119,-0.8475172689431822,-1.0628208471490903,-1.1986598469998935,-1.3732620581944652
2025-10-08,0.5945343779222512,0.5515436030095232,-0.9072084958320972,-1.1376760538265347,-1.2830822883020299,-1.469981853881743
2025-10-09,-0.2901212830195732,0.5464712138360734,-0.898865158102839,-1.1272131717137979,-1.2712821465320672,-1.4564628501255366
2025-10-10,-2.7399797306961737,0.5611419531606218,-0.9229963768908819,-1.1574746936141465,-1.3054113897703374,-1.4955635131963092
2025-10-13,1.5227544895200396,1.5480856830796004,-2.546374350645128,-3.193256165607173,-3.601385837665291,-4.125979976857502
2025-10-14,-0.1222401631992831,1.443763710339887,-2.3747799754134777,-2.978069896332526,-3.3586966381665126,-3.84793957161709
2025-10-15,0.4429789843934273,1.3214982595473943,-2.1736712052265896,-2.7258713850671823,-3.074264666646752,-3.5220759535079478
2025-10-16,-0.6833556176281341,1.2127910776736244,-1.9948638028458456,-2.501639688748118,-2.8213739452017363,-3.2323480265242583
2025-10-17,0.5660250871856398,1.1782745716212448,-1.9380892026758967,-2.4304420496434673,-2.7410765447274654,-3.1403541437568046
2025-10-20,1.0346762560389244,1.0883763371753277,-1.7902197656909962,-2.2450078100795685,-2.531941978144181,-2.900756090927565
2025-10-21,-0.001499603245225245,1.022726693720099,-1.6822357115455921,-2.1095914497161723,-2.3792180696605705,-2.725785727630057
2025-10-22,-0.5212376827340215,0.9468354963932085,-1.5574058003687665,-1.953049705012922,-2.2026687441007446,-2.523519429315359
2025-10-23,0.5912378583532885,0.9290633986713653,-1.5281733009724567,-1.9163909714258027,-2.1613246623482887,-2.4761529817417274
2025-10-24,0.813935648856301,0.8700778046412855,-1.431150632694193,-1.7947206311615234,-2.0241036510773767,-2.318943737737214
2025-10-27,1.1728661579555322,0.8261339247767193,-1.3588693825166416,-1.7040770273533152,-1.921874899577337,-2.2018238842250044
2025-10-28,0.2652478024378624,0.8046742721232469,-1.3235713950164587,-1.6598119269803369,-1.8719522822492765,-2.1446293128092884
2025-10-29,0.048018239278579955,0.7570012562482622,-1.2451562619467749,-1.561476186562501,-1.7610482631193904,-2.0175705129725077
2025-10-30,-1.105907164752562,0.713383562486212,-1.173411540163008,-1.4715054110055834,-1.6595783339654806,-1.9013200152992031
2025-10-31,0.32749122269395414,0.9042672527260677,-1.487387270379916,-1.8652436436076139,-2.103640200944039,-2.41006594095855
2025-11-03,0.18749283108574488,0.8442853967505529,-1.3887258970273098,-1.7415183010688537,-1.9641015378143765,-2.250201445449874
2025-11-04,-1.1924353295924561,0.7907677418781623,-1.3006971883045209,-1.6311267489358117,-1.8396008551783394,-2.10756543064442
2025-11-05,0.3459398571761696,0.98287399067212,-1.616683848393304,-2.027386768725316,-2.2865068186501234,-2.619569736747365
2025-11-06,-1.0787307565268023,0.9134178646431279,-1.5024386875805178,-1.884118728005464,-2.124927707523465,-2.434454281964765
2025-11-07,0.0984023271633383,1.031956256803962,-1.6974169918592616,-2.128629387696954,-2.400689244119041,-2.7503844904087478
2025-11-10,1.548393751028776,0.9548405081167666,-1.5705728729360502,-1.9695617452193526,-2.2212911861055162,-2.544854500395021
2025-11-11,0.22865335909525442,0.933872312731761,-1.5360832607063966,-1.9263103800483834,-2.1725118693491354,-2.4889697678799148
2025-11-12,0.05562438741302245,0.8694430524323346,-1.4301065582210846,-1.7934113196505268,-2.0226269966255406,-2.317251987123522
2025-11-13,-1.6733244574677286,0.812581367492773,-1.3365774095136747,-1.6761219938692409,-1.8903469367520116,-2.1657034158297797
2025-11-14,-0.01635994812492214,1.1712891176528222,-1.9265991533800342,-2.416033064276548,-2.724825948738815,-3.1217364125045934
2025-11-17,-0.936019418834011,1.0785514148740087,-1.7740592066091554,-2.224741817015873,-2.5090857910358912,-2.874570568296297
2025-11-18,-0.8432917870575984,1.1186376244510032,-1.8399951538226116,-2.307428154914766,-2.6023402594636877,-2.981408904100665
2025-11-19,0.38557567903252377,1.130747421209697,-1.8599139969427942,-2.3324071877852357,-2.6305118594083416,-3.013684106627433
2025-11-20,-1.5359695168779552,1.0443861708905036,-1.717862381127205,-2.1542687306794805,-2.429605548328777,-2.783512874189875
2025-11-21,0.9911937023691308,1.2643758024379734,-2.079713124469779,-2.6080441611912866,-2.9413779599902616,-3.369832368518826
2025-11-24,1.461124108619405,1.1749781784425068,-1.9326671183999915,-2.4236425372151045,-2.7334079874641053,-3.131568549780981
2025-11-25,0.9361939618760751,1.1154365008976013,-1.8347297741354784,-2.3008251563627504,-2.594893332490689,-2.972877224085054
2025-11-26,0.6879854447598532,1.0428593998082982,-1.7153510661751148,-2.151119440414084,-2.4260537476675417,-2.7794437021903686
2025-11-28,0.5443563227393255,0.9727472852269428,-1.600026900212735,-2.0064982837056937,-2.2629485789666974,-2.5925798973896255
2025-12-01,-0.4575868940384531,0.9079613069347777,-1.493463448843268,-1.8728634165355469,-2.1122338560990634,-2.4199113867663327
2025-12-02,0.18504960496885658,0.8869545270409097,-1.4589103707442679,-1.8295324626039757,-2.0633647783525197,-2.3639238182695212
2025-12-03,0.34567862174261776,0.8282887754057563,-1.3624137963893517,-1.7085218653440952,-1.9268878317570726,-2.207567022764235
2025-12-04,0.07307890626133684,0.7786472150886559,-1.2807606958542386,-1.6061255830933596,-1.8114042934493157,-2.075261630286945
2025-12-05,0.18977350040128016,0.7334235996919682,-1.2063744680451387,-1.5128422524128222,-1.706198431914791,-1.9547310074362436
2025-12-08,-0.30087994153351616,0.6948071188221749,-1.142856009426357,-1.433187542741834,-1.6163630637404085,-1.8518098134823586
2025-12-09,-0.08635176910702924,0.6870584545306844,-1.1301105908624693,-1.417204273666701,-1.5983369750392433,-1.8311579632239923
2025-12-10,0.6610371282859795,0.659080932666198,-1.0840916625505548,-1.3594946809945059,-1.5332515265288644,-1.7565918741007276
2025-12-11,0.23242449793094977,0.64254737845003,-1.056896385931692,-1.3253907069591977,-1.4947887278277427,-1.712526410290938
2025-12-12,-1.0810279077722917,0.6180072642213983,-1.0165314900369238,-1.274771499042104,-1.437699885263246,-1.6471217488798784
2025-12-15,-0.15119402890508837,0.8387186229306459,-1.3795693689192172,-1.7300356454140347,-1.9511512853731696,-2.2353648007036093
2025-12-16,-0.2736037133593605,0.7932269298514342,-1.3047421925617124,-1.6361993474643477,-1.845321781891827,-2.114119693401287
2025-12-17,-1.1064607732192755,0.7654591594842058,-1.2590682747608213,-1.5789224118919405,-1.7807242883311711,-2.0401126369512537
2025-12-18,0.7522963990016507,0.9388366723446692,-1.54424890562118,-1.9365504282030017,-2.1840606967805987,-2.5022008497151482
2025-12-19,0.902261895801626,0.883708964944497,-1.4535718961584874,-1.8228378001001446,-2.0558144718694624,-2.355273700017147
2025-12-22,0.6210566721978061,0.8414857868720993,-1.3841209485646861,-1.7357435099165432,-1.9575886713254922,-2.242739885390399
2025-12-23,0.4560042005283371,0.796137580820244,-1.309529787364549,-1.6422031844958955,-1.8520929685851926,-2.1218772017538226
2025-12-24,0.35114479496591855,0.7534698699330825,-1.2393476483580848,-1.5541919507819235,-1.7528330300726553,-2.0081586119477564
2025-12-26,-0.01014201750946242,0.7150830082406633,-1.1762068796760246,-1.4750108795289543,-1.6635318359833962,-1.905849402290673
2025-12-29,-0.35699930558568127,0.6808141635366249,-1.1198396461731503,-1.4043240946594513,-1.5838105819603208,-1.8145155900706478
2025-12-30,-0.12218468855627052,0.6846798727264392,-1.1261981719547558,-1.41229794251538,-1.5928035663157052,-1.8248185331750622
2025-12-31,-0.7436550096273642,0.6603680821908429,-1.0862088351145958,-1.3621497008041679,-1.5362458840890945,-1.7600224033175222
